"datetime";"exercise";"weight";"reps";"sets";"remarks"
"2023-08-14 08:45:15";"Pull up";"84.1";5;5;"It’s heavy, because I did pull ups already"
"2023-08-14 08:33:13";"Front press";50;5;5;"Was quite heavy, but after those heavy singles it’s no wonder"
"2023-08-14 08:16:52";"Front press";70;1;1;"Was not that heavy but my lower body is not stable enough"
"2023-08-14 08:11:02";"Front press";60;2;2;"The new grip is good"
"2023-08-14 08:10:41";"Front press";70;1;1;"Not that hard"
"2023-08-13 06:02:36";"Side raise";10;10;3;"Was manageable, but still heavy"
"2023-08-12 20:01:16";"Pull up";"78.1";5;3;"It’s not that hard, but it’s good-I should get more work into that, maybe some 5x10 for maybe 4 or 5 workouts "
"2023-08-12 19:52:13";"Pull up";"78.1";5;5;
"2023-08-12 19:51:49";"Pull up";"78.1";8;1;
"2023-08-11 08:34:13";"Back squat";120;1;1;
"2023-08-11 08:33:50";"Back squat";110;1;1;
"2023-08-11 08:33:28";"Back squat";100;1;1;
"2023-08-10 08:44:28";"Bench press";60;10;3;"Not that bad, my lung and condition is bad"
"2023-08-10 08:31:50";"Bench press";95;1;1;"It’s not that hard, next time I’m going for 100"
"2023-08-10 08:31:21";"Bench press";90;1;1;
"2023-08-10 08:30:56";"Bench press";80;1;1;
"2023-08-09 07:41:28";"Clean pull";120;3;2;"With straps but there is no speed"
"2023-08-09 07:40:16";"Clean pull";100;5;4;"From level 4 in my gym, with straps"
"2023-08-09 07:38:37";"Deadlift";160;1;2;"With belt and straps"
"2023-08-09 07:37:50";"Deadlift";140;1;2;"With belt, felt not that hard but I need mass on the shoulder and neck"
"2023-08-09 07:37:06";"Deadlift";120;1;1;"Without belt"
"2023-08-09 07:36:39";"Deadlift";120;1;1;"With belt"
"2023-08-09 07:36:17";"Deadlift";100;1;2;
"2023-08-09 07:35:43";"Deadlift";60;3;1;
"2023-08-07 17:32:33";"Snatch pull";70;3;3;"It was somewhat heavy, I did some jumps before the pull and it was good"
"2023-08-07 17:31:32";"Snatch pull";60;3;3;"I did some jumps before doing the pull, it got better, I think I’m getting the feeling for it again"
"2023-08-07 17:30:52";"Snatch pull";50;3;4;"Yes it’s getting better, but still not there yet"
"2023-08-07 17:30:08";"Snatch pull";40;5;2;"It was easy, but my technique isn’t right yet"
"2023-08-07 09:10:38";"Snatch pull";40;5;1;"Not that crazy"
"2023-08-07 09:05:58";"Snatch pull";40;5;3;"Not that bad, but this young guy is somehow strange"
"2023-08-07 08:58:14";"Front press";60;3;1;"Not that hard, just more work"
"2023-08-07 08:54:50";"Front press";60;5;1;"It got hard at the 5th rep"
"2023-08-07 08:54:11";"Front press";50;5;1;"It was not hard but I have to train more"
"2023-08-07 08:47:11";"Front press";40;5;1;
"2023-08-05 08:21:53";"Flexibility";"0";"1";"1";"Did my old flexibility routine, will continue this shit"
"2023-08-05 08:06:31";"Back row";"70";"5";"4";"Not that easy"
"2023-08-05 07:51:05";"Clean pull";"120";"4";"5";"Slow"
"2023-08-05 07:32:30";"Clean pull";"100";"3";"5";"It’s easy, but I’m slow still, I’ll increase the weight and see what I can do"
"2023-08-04 11:25:32";"Ab raise";"8";"10";"3";"It’s not 8kg but 8kg in addition to my bw "
"2023-08-04 11:07:27";"Back squat";"115";"1";"1";"not that hard "
"2023-08-04 11:06:40";"Back squat";"110";"1";"1";"It’s not that hard, maybe more abs"
"2023-08-04 11:06:17";"Back squat";"100";"1";"2";"Easy"
"2023-08-04 11:05:33";"Back squat";"80";"3";"1";"It’s quite hard with the belt, maybe I need a wl belt"
"2023-08-04 11:04:45";"Back squat";"60";"3";"1";
"2023-08-03 16:35:20";"back row";"60";"6";"4";"Felt good, more work!!!"
"2023-08-03 15:36:20";"Bench press";"60";"12";"1";"None"
"2023-08-03 15:29:51";"bench press";"80";"5";"6";"It’s not that hard, but the back is getting sore slowly but surely …"
"2023-08-02 19:27:29";"pull up";"77.8";"5";"4";"It was pretty easy, more work next time"
"2023-08-02 19:16:25";"Back press";"50";"5";"2";"The last one was really good, i think I can do more …"
"2023-08-02 19:02:55";"Back press";"50";"5";"5";"Pretty taxing on the heart, i need to stop smoking "
"2023-08-02 10:03:31";"Back squat";"60";"10";"1";"Last set but it was heavy"
"2023-08-02 10:03:03";"Back squat";"60";"5";"3";"Was Not too hard"
"2023-08-02 10:02:29";"Back squat";"100";"3";"6";"Not too hard and not too easy"
"2023-08-02 10:02:06";"back squat";"80";"3";"1";"Warm up"
"2023-08-02 10:01:37";"back squat";"60";"3";"1";"Warm up"
"2023-08-01 17:33:43";"side raise";"6";"10";"4";"i did my version with strict arms and flexed back and neck"
"2023-08-01 07:30";"neck flexion";"5";"20";"3";"it’s not that hard but I have not practiced this excercise in quite a while"
"2023-08-01 07:15";"glute ham raise";"78.2";"10";"1";
"2023-08-01 07:15";"glute ham raise";"78.2";"8";"1";
"2023-08-01 07:15";"glute ham raise";"78.2";"7";"1";
"2023-08-01 07:15";"glute ham raise";"78.2";"6";"1";
"2023-08-01 07:15";"glute ham raise";"78.2";"5";"1";
"2023-08-01 07:04";"neck pull";"80";"10";"5";
"2023-08-01 06:32";"deadlift";"60";"5";"2";
"2023-08-01 06:32";"deadlift";"80";"5";"2";
"2023-08-01 06:32";"deadlift";"110";"5";"4";"was not that hard,but I need some muscles still, it’s hard on the back,legs are fine + 1rep extra"
"2023-07-31 07:00:11";"Snatch pull";"50";"3";"1";"It’s ok but I need more work and have to get faster"
"2023-07-31 06:58:29";"Snatch pull";"50";"3";"1";"It’s not hard"
"2023-07-31 06:54:37";"Snatch pull";"40";"6";"1";"It’s quite ok"
"2023-07-31 06:51:58";"Snatch pull";"40";"3";"1";"None"
"2023-07-31 06:48:22";"Snatch pull";"30";"5";"1";"Not that hard"
"2023-07-31 06:46:20";"Snatch pull";"20";"5";"2";"I have to improve my stability overall just do more work"
"2023-07-31 06:40:35";"Back press";"40";"6";"1";"It’s getting hard more work will help"
"2023-07-31 06:36:18";"Back press";"40";"7";"1";"It’s getting hard a longer pause between sets"
"2023-07-31 06:33:19";"Back press";"40";"7";"1";"None"
"2023-07-31 06:30:29";"Back press";"40";"4";"1";"The last rep was with a little bit of push"
"2023-07-31 06:26:23";"Back press";"55";"5";"1";"That’s a nice excercise for the upper body i love it"
"2023-07-31 06:23:49";"Back press";"55";"4";"1";"Pretty hard actually"
"2023-07-31 06:21:55";"Back press";"50";"5";"1";"Pretty easy overall but hard on the traps"
"2023-07-31 06:20:05";"Back press";"30";"6";"2";"None"
"2023-07-31 06:19:40";"Back press";"20";"7";"2";"Again and again"
"2023-07-31 01:36:36";"Side raise";"6";"8";"1";"It’s getting even harder now"
"2023-07-31 01:27:15";"Side raise";"6";"10";"2";"It’s good"
"2023-07-31 01:21:35";"Side raise";"4";"10";"2";"It’s working great i just need more weight to feel it better let’s try 6"
"2023-07-31 01:17:29";"Side raise";"4";"10";"1";"Im trying this new method Back and traps are fully contracted while just lifting the arms"
"2023-07-30 09:11:55";"pull up";"78";"5";"1";"Shit the grip is not right"
"2023-07-30 09:10:01";"pull up";"78";"6";"1";"I’m not sure if the grip is good I’m pulling a lot with my biceps instead of incorporating my back"
"2023-07-30 09:06:46";"Bench press";"70";"5";"1";"The new grip is good the weight is easy"
"2023-07-30 09:05:53";"bench press";"50";"5";"5";"The grip is working fine i think after some adjustments it will be fine"
"2023-07-30 08:49:14";"Back row";"60";"7";"1";"None"
"2023-07-30 08:46:56";"Back row";"60";"8";"1";"None "
"2023-07-30 08:42:51";"Back press";"40";"5";"1";"None "
"2023-07-30 08:42:18";"Back press";"50";"3";"1";"It went good but it’s pretty hard"
"2023-07-30 08:38:12";"Back press ";"50";"5";"1";"It’s not that bad i guess"
"2023-07-30 08:34:09";"back press";"40";"5";"1";"The grip is working great i think I need to test it on more excercises"
"2023-07-30 02:53:59";"front press";"40";"5";"1";"The grip is working great i will need to test it with more weight"
"2023-07-30 02:51:58";"back press";"40";"5";"2";"The grip is working good for the back i will try it for the front"
"2023-07-30 02:40:44";"deadlift";"60";"3";"1";"I’m going to try this stance and grip for the press "
"2023-07-30 02:37:28";"deadlift";"60";"5";"1";"I really think I’ve found it "
"2023-07-30 02:33:35";"deadlift";"60";"6";"1";"I think I got my grip and stance got try some more"
"2023-07-30 02:30:50";"deadlift";"60";"5";"1";"It’s a technical training session with low weight"
"2023-07-29 07:58:11";"Neck pull dumbbell";"36";"10";"1";"Was pretty hard but still good "
"2023-07-29 07:55:55";"Neck pull dumbbell";"36";"6";"1";"Better but still need some more muscles again"
"2023-07-29 07:53:41";"Neck pull dumbbell";"36";"5";"1";"Is not that hard"
"2023-07-29 07:48:43";"Side raise";"10";"10";"2";"Was hard but still manageable some more emphasis on the neck for the following times"
"2023-07-29 07:43:50";"Side raise";"10";"10";"2";"doing em one handed want some more core strength"
"2023-07-29 07:31:45";"Clean pull";"40";"6";"2";"None "
"2023-07-29 07:26:12";"Snatch pull";"40";"8";"2";"None"
"2023-07-29 07:21:43";"Snatch pull";"40";"10";"2";"It’s again getting better but my hands seems weak and nostrils are clogged"
"2023-07-29 07:15:17";"Snatch pull";"40";"10";"1";"It’s getting better and better my arms are starting to get sore but I need some isolation work for the delts and traps nonetheless"
"2023-07-29 07:13:32";"Snatch pull";"40";"6";"2";"None"
"2023-07-29 07:04:59";"Snatch pull";"40";"7";"2";"I’m a bit uncoordinated again shit gotta do more full body excercises"
"2023-07-29 07:00:32";"Snatch pull";"20";"10";"2";"None"
"2023-07-29 07:00:05";"Snatch pull";"20";"10";"2";"None"
"2023-07-28 07:49:04";"ab raise";"78.15";"4";"1";"none"
"2023-07-28 07:46:07";"glute ham raise";"78.15";"5";"1";
"2023-07-28 07:42:59";"glute ham raise";"78.15";"7";"1";
"2023-07-28 07:36:53";"glute ham raise";"77";"10";"1";
"2023-07-28 07:34:28";"back squat";"100";"1";"1";
"2023-07-28 07:32:45";"back squat";"100";"2";"1";
"2023-07-28 07:30:10";"back squat";"100";"2";"1";
"2023-07-28 07:27:14";"back squat";"100";"4";"1";
"2023-07-28 07:20:49";"back squat";"80";"1";"1";
"2023-07-28 07:15:38";"back squat";"80";"1";"1";
"2023-07-28 07:13:02";"back squat";"80";"1";"1";
"2023-07-28 07:09:51";"back squat";"60";"5";"1";
"2023-07-28 07:02:45";"back squat";"40";"5";"2";
"2023-07-28 06:58:56";"back squat";"20";"5";"1";
"2023-07-28 06:57:14";"back squat";"20";"5";"1";
"2023-07-28 06:56:30";"back squat";"20";"5";"1";
"2023-07-27 18:00:00";"bench press";"40";"5";"2";
"2023-07-27 18:00:00";"bench press";"60";"5";"2";
"2023-07-27 18:00:00";"bench press";"70";"4";"2";
"2023-07-27 18:00:00";"bench press";"80";"4";"3";
"2023-07-27 18:00:00";"bench press";"60";"10";"2";
"2023-07-27 18:00:00";"ab raise";"78.15";"10";"2";
"2023-07-18 16:00";"glute raise";"77.5";"5";"1";
"2023-07-18 16:00";"glute raise";"77.5";"6";"1";
"2023-07-18 16:00";"glute raise";"77.5";"7";"1";
"2023-07-18 16:00";"glute raise";"77.5";"3";"1";
"2023-07-18 15:30";"neck pull";"140";"5";"5";
"2023-07-18 15:08";"deadlift";"70";"3";"2";
"2023-07-18 15:08";"deadlift";"90";"3";"2";
"2023-07-18 15:08";"deadlift";"100";"3";"3";
"2023-07-18 15:08";"deadlift";"100";"2";"1";
"2023-07-18 15:08";"deadlift";"100";"7";"1";
"2023-07-17 18:00:00";"front press";"40";"5";"2";"none"
"2023-07-17 18:00:00";"front press";"50";"5";"1";"none"
"2023-07-17 18:00:00";"front press";"60";"5";"2";"none"
"2023-07-17 18:00:00";"front press";"60";"3";"3";"none"
"2023-07-17 18:00:00";"front press";"60";"1";"1";"none"
"2023-07-17 18:00:00";"pull up";"77";"5";"5";"4"
"2023-07-17 18:00:00";"snatch pull";"40";"5";"2";"none"
"2023-07-17 18:00:00";"snatch pull";"50";"5";"3";"none"
"2023-07-17 18:00:00";"snatch pull";"60";"2";"1";"was easy but my left ankle is still uncoordinated; I may need some more work on this one"
"2023-07-17 18:00:00";"snatch pull";"60";"1";"1";"maybe a little more rest; yes this was easier but still my calves are weak"
"2023-07-14 18:00:00";"back squat";"80";"3";"2";"none"
"2023-07-14 18:00:00";"back squat";"100";"1";"1";"none"
"2023-07-14 18:00:00";"back squat";"100";"1";"2";"none"
"2023-07-14 18:00:00";"back squat";"100";"1";"1";"none"
"2023-07-14 18:00:00";"back squat";"100";"1";"2";"none"
"2023-07-14 18:00:00";"glute ham raise";"0";"7";"1";"none"
"2023-07-14 18:00:00";"glute ham raise";"0";"6";"1";"none"
"2023-07-14 18:00:00";"glute ham raise";"0";"5";"1";"none"
"2023-07-13 18:00:00";"back row";"60";"10";"3";"none"
"2023-07-13 18:00:00";"bench press";"70";"4";"1";"none"
"2023-07-13 18:00:00";"bench press";"70";"3";"1";"none"
"2023-07-13 18:00:00";"bench press";"70";"4";"1";"none"
"2023-07-13 18:00:00";"bench press";"70";"7";"1";"none"
"2023-07-13 18:00:00";"bench press";"70";"7";"1";"none"
"2023-07-13 18:00:00";"bench press";"70";"4";"1";"none"
"2023-07-13 18:00:00";"pull up";"78";"5";"4";"none"
"2023-07-12 18:00:00";"deadlift";"80";"3";"1";"none"
"2023-07-12 18:00:00";"deadlift";"100";"3";"1";"none"
"2023-07-12 18:00:00";"deadlift";"120";"3";"1";"none"
"2023-07-12 18:00:00";"deadlift";"60";"10";"5";"none"
"2023-07-10 18:00:00";"back press";"40";"10";"2";"none"
"2023-07-10 18:00:00";"dip";"78";"10";"2";"1"
"2023-07-10 18:00:00";"front press";"40";"5";"2";"easy"
"2023-07-10 18:00:00";"front press";"50";"3";"1";"none"
"2023-07-10 18:00:00";"front press";"60";"3";"1";"none"
"2023-07-10 18:00:00";"front press";"40";"10";"2";"none"
"2023-07-10 18:00:00";"pull up";"78";"5";"6";"1"
"2023-07-10 18:00:00";"side raise";"6";"10";"3";"none"
"2023-07-10 18:00:00";"snatch press";"40";"10";"1";"none"
"2023-07-07 19:00:00";"back squat";"100";"3";"3";"back and abs are weak as fuck;I have to put in the work"
"2023-07-07 19:00:00";"power clean";"80";"3";"3";"was ok"
"2023-07-07 19:00:00";"power clean";"90";"1";"3";"none"
"2023-07-07 19:00:00";"power jerk";"5";"3";"1";"was easy"
"2023-07-03 18:00:00";"clean pull";"120";"5";"10";"none"
"2023-07-03 18:00:00";"power jerk";"50";"10";"5";"none"
"2023-07-03 18:00:00";"pull up";"76";"5";"5";"none"
"2023-06-29 18:00:00";"clean";"40";"5";"2";"none"
"2023-06-29 18:00:00";"clean";"50";"3";"2";"none"
"2023-06-29 18:00:00";"clean";"60";"3";"2";"none"
"2023-06-29 18:00:00";"clean";"70";"1";"3";"none"
"2023-06-29 18:00:00";"clean";"75";"1";"2";"none"
"2023-06-29 18:00:00";"snatch";"40";"3";"10";"practicing the snatch "
"2023-06-26 18:00:00";"back press";"50";"3";"1";"none"
"2023-06-26 18:00:00";"back press";"60";"3";"1";"none"
"2023-06-26 18:00:00";"back press";"65";"1";"1";"none"
"2023-06-26 18:00:00";"back press";"70";"1";"6";"none"
"2023-06-26 18:00:00";"back press";"60";"4";"1";"none"
"2023-06-26 18:00:00";"back press";"40";"8";"3";"none"
"2023-06-26 18:00:00";"neck pull";"140";"3";"2";"none"
"2023-06-26 18:00:00";"neck pull";"160";"2";"2";"none"
"2023-06-24 13:20:00";"side raise";"5";"10";"4";"none"
"2023-06-24 13:00:00";"neck pull";"100";"5";"1";"none"
"2023-06-24 13:00:00";"neck pull";"130";"5";"1";"none"
"2023-06-24 13:00:00";"neck pull";"150";"3";"1";"none"
"2023-06-24 13:00:00";"pull up";"85";"5";"2";"none"
"2023-06-24 13:00:00";"pull up";"75";"5";"3";"none"
"2023-06-24 12:30:00";"deadlift";"60";"3";"1";"none"
"2023-06-24 12:30:00";"deadlift";"60";"3";"1";"none"
"2023-06-24 12:30:00";"deadlift";"80";"3";"1";"none"
"2023-06-24 12:30:00";"deadlift";"100";"3";"3";"none"
"2023-06-24 11:45:00";"back press";"40";"5";"1";"none"
"2023-06-24 11:45:00";"back press";"40";"3";"1";"none"
"2023-06-24 11:45:00";"back press";"40";"1";"1";"none"
"2023-06-24 11:45:00";"back press";"60";"1";"1";"none"
"2023-06-24 11:45:00";"back press";"65";"1";"1";"none"
"2023-06-24 11:45:00";"back press";"65";"2";"1";"none"
"2023-06-24 11:45:00";"back press";"70";"1";"1";"none"
"2023-06-24 11:45:00";"back press";"70";"1";"1";"none"
"2023-06-24 11:45:00";"back press";"75";"1";"1";"none"
"2023-06-24 11:45:00";"back press";"60";"3";"1";"none"
"2023-06-23 18:00:00";"deadlift";"80";"3";"1";"none"
"2023-06-23 18:00:00";"deadlift";"100";"3";"1";"none"
"2023-06-23 18:00:00";"deadlift";"120";"3";"1";"none"
"2023-06-23 18:00:00";"deadlift";"60";"10";"3";"none"
"2023-06-23 18:00:00";"neck pull";"60";"10";"3";"none"
"2023-06-23 18:00:00";"pull up";"85";"5";"3";"none"
"2023-06-23 18:00:00";"pull up";"75";"6";"1";"none"
"2023-06-21 12:05:00";"back squat";"100";"1";"5";"none"
"2023-06-21 12:05:00";"back squat";"60";"10";"5";"none"
"2023-06-21 12:05:00";"power clean";"40";"5";"4";"none"
"2023-06-21 12:05:00";"snatch pull";"40";"5";"5";"none"
"2023-06-19 18:00:00";"neck pull";"120";"8";"1";"none"
"2023-06-19 10:20:00";"side raise";"10";"10";"2";"none"
"2023-06-19 10:15:00";"side raise";"5";"10";"2";"none"
"2023-06-19 09:45:00";"pull up";"95";"5";"3";"none"
"2023-06-19 09:30:00";"back pull";"60";"10";"1";"none"
"2023-06-19 09:30:00";"back pull";"75";"5";"3";"none"
"2023-06-19 09:30:00";"snatch pull";"40";"5";"2";"none"
"2023-06-19 09:30:00";"snatch pull";"50";"3";"1";"none"
"2023-06-19 09:30:00";"snatch pull";"60";"3";"1";"none"
"2023-06-19 08:58:00";"back press";"40";"5";"1";"none"
"2023-06-19 08:58:00";"back press";"50";"1";"1";"none"
"2023-06-19 08:58:00";"back press";"60";"1";"2";"none"
"2023-06-19 08:58:00";"back press";"65";"1";"1";"none"
"2023-06-19 08:58:00";"back press";"70";"1";"1";"none"
"2023-06-19 08:58:00";"back press";"75";"1";"2";"none"
"2023-06-13 20:43:00";"back pull";"70";"5";"1";"none"
"2023-06-13 20:43:00";"back squat";"110";"1";"1";"none"
"2023-06-13 20:43:00";"deadlift";"120";"1";"1";"none"
"2023-06-13 20:43:00";"neck pull";"90";"10";"1";"none"
"2023-06-13 10:00:00";"ape neck pull";"60";"5";"5";"none"
"2023-06-13 10:00:00";"back press";"40";"5";"3";"none"
"2023-06-13 10:00:00";"pull up with double handjob grip";"75";"5";"5";"none"
"2023-06-13 10:00:00";"side raise";"10";"12";"3";"none"
"2023-06-07 18:00:00";"back pull";"40";"10";"5";"none"
"2023-06-07 18:00:00";"bench press";"80";"1";"1";"none"
"2023-06-07 18:00:00";"bench press";"80";"4";"1";"none"
"2023-06-07 18:00:00";"bench press";"40";"10";"5";"none"
"2023-06-07 18:00:00";"side raise";"10";"10";"5";"none"
"2023-06-03 11:00:00";"back press";"60";"3";"1";"none"
"2023-06-03 11:00:00";"back press";"70";"2";"1";"none"
"2023-06-03 11:00:00";"back squat";"60";"5";"1";"none"
"2023-06-03 11:00:00";"back squat";"80";"5";"1";"none"
"2023-06-03 11:00:00";"back squat";"100";"3";"1";"none"
"2023-06-03 11:00:00";"neck pull";"140";"4";"1";"none"
"2023-06-03 11:00:00";"pull up";"75";"10";"1";"none"
"2023-06-03 11:00:00";"pull up";"75";"8";"1";"none"
"2023-06-03 11:00:00";"pull up";"75";"6";"1";"none"
"2023-06-03 11:00:00";"pull up";"75";"5";"1";"none"
"2023-05-07 18:00:00";"back press";"40";"5";"2";"none"
"2023-05-07 18:00:00";"back press";"50";"3";"2";"none"
"2023-05-07 18:00:00";"back press";"60";"3";"7";"none"
"2023-05-07 18:00:00";"deadlift";"80";"5";"1";"none"
"2023-05-07 18:00:00";"deadlift";"80";"10";"5";"none"
"2023-05-07 18:00:00";"deadlift";"80";"12";"5";"none"
"2023-05-07 18:00:00";"deadlift";"60";"10";"5";"none"
"2023-05-07 18:00:00";"snatch pull";"50";"3";"5";"none"
"2023-05-05 11:00:00";"back press";"55";"3";"3";"      "
"2023-05-05 11:00:00";"back pull";"75";"3";"3";"      "
"2023-05-05 11:00:00";"clean pull";"140";"3";"3";"      "
"2023-05-05 11:00:00";"deadlift";"105";"3";"3";"      "
"2023-04-22 11:00:00";"back squat";"60";"3";"1";" none     "
"2023-04-22 11:00:00";"back squat";"80";"3";"1";" none     "
"2023-04-22 11:00:00";"back squat";"90";"3";"1";"      "
"2023-04-22 11:00:00";"back squat";"100";"3";"1";" was easy  in a few weeks I should be able to do 110 for 3    "
"2023-04-22 11:00:00";"back squat";"40";"3";"2";" none     "
"2023-04-22 11:00:00";"bench press";"40";"5";"2";"      "
"2023-04-22 11:00:00";"bench press";"60";"3";"2";"      "
"2023-04-22 11:00:00";"bench press";"70";"3";"1";"      "
"2023-04-22 11:00:00";"bench press";"80";"3";"2";" I was very happy  it was fucking easy  try 85 next time   "
"2023-04-22 11:00:00";"bench press";"60";"5";"2";"      "
"2023-04-22 11:00:00";"bicycle";"10";"15";"3";" 1min rest was pretty hard could not breathe after the 3rd set increase to 5 next time  "
"2023-04-15 16:00:00";"back pull";"50";"10";"5";"none"
"2023-04-15 16:00:00";"clean pull";"60";"15";"4";" none     "
"2023-04-15 16:00:00";"clean pull";"50";"10";"5";" none     "
"2023-04-15 16:00:00";"neck pull with clean grip";"60";"15";"4";"none"
"2023-04-15 16:00:00";"neck pull with snatch grip";"60";"10";"5";"none"
"2023-04-15 16:00:00";"overhead squat";"40";"3";"3";" none     "
"2023-04-15 16:00:00";"snatch pull";"60";"10";"5";" none     "
"2023-04-05 11:55:00";"back squat";"60";"6";"1";" none     "
"2023-04-05 11:55:00";"back squat";"90";"3";"2";" none     "
"2023-04-05 11:55:00";"clean pull";"60";"10";"5";" none     "
"2023-04-05 11:55:00";"incline bench press";"70";"3";"1";" none     "
"2023-04-05 11:55:00";"incline bench press";"40";"15";"2";" none     "
"2023-04-05 11:55:00";"neck pull";"60";"10";"5";"none"
"2023-04-05 11:55:00";"pull up";"79";"5";"4";" none     "
"2023-04-05 11:55:00";"side raise";"12";"10";"5";" none     "
"2023-04-02 18:47:00";"sit up";"14";"10";"2";" none     "
"2023-04-02 18:40:00";"sit up";"12";"20";"2";" none     "
"2023-04-02 18:15:00";"clean pull";"107.5";"5";"1";"none none     "
"2023-04-02 18:15:00";"neck pull";"107.5";"5";"1";" none     "
"2023-04-02 18:00:00";"back squat";"100";"3";"1";"none knees hurting     "
"2023-03-30 11:55:00";"deadlift";"100";"5";"5";" none     "
"2023-03-30 11:55:00";"deadlift";"120";"3";"1";" none     "
"2023-03-30 11:55:00";"deadlift";"130";"1";"1";" none     "
"2023-03-30 11:55:00";"deadlift";"135";"3";"1";" none     "
"2023-03-30 11:55:00";"front press";"60";"1";"1";" none     "
"2023-03-30 11:55:00";"front press";"70";"1";"1";" none     "
"2023-03-30 11:55:00";"front press";"72.5";"1";"1";" none     "
"2023-03-30 11:55:00";"front press";"42.5";"10";"5";" none     "
"2023-03-30 11:55:00";"neck pull with dumbbell";"36";"10";"3";" none     "
"2023-03-30 11:55:00";"neck pull with dumbbell";"36";"10";"3";"none"
"2023-03-30 11:55:00";"plank";"0";"120";"1";" none     "
"2023-03-29 11:55:00";"clean pull";"120";"5";"5";" none     "
"2023-03-29 11:55:00";"front press";"70";"2";"2";" none     "
"2023-03-29 11:55:00";"front press";"70";"1";"3";" none     "
"2023-03-29 11:55:00";"front press";"40";"10";"5";" none     "
"2023-03-29 11:55:00";"neck pull";"120";"5";"5";"none"
"2023-03-29 11:55:00";"pull up";"76.5";"5";"10";" none     "
"2023-03-29 11:55:00";"side raise";"8";"15";"2";" none     "
"2023-03-29 11:55:00";"side raise";"8";"10";"2";" none     "
"2023-03-28 11:55:00";"back pull";"40";"8";"5";" none     "
"2023-03-28 11:55:00";"bench press";"80";"5";"1";" + 40x40     "
"2023-03-28 11:55:00";"bench press";"70";"5";"1";" none     "
"2023-03-28 11:55:00";"bench press";"60";"6";"1";" none     "
"2023-03-28 11:55:00";"pull up";"76.5";"5";"5";"       "
"2023-03-27 14:30:00";"back pull";"50";"6";"3";" none     "
"2023-03-27 14:30:00";"back squat";"80";"3";"3";"       "
"2023-03-27 14:30:00";"deadlift";"120";"4";"1";" none     "
"2023-03-27 14:30:00";"deadlift";"100";"3";"1";" none     "
"2023-03-27 14:30:00";"deadlift";"120";"3";"3";" none     "
"2023-03-27 14:30:00";"front press";"50";"3";"3";" none     "
"2023-03-27 14:30:00";"neck pull";"90";"5";"3";" none     "
"2023-03-14 14:57:00";"neck pull";"90";"5";"1";" (+70+80)     "
"2023-03-14 14:30:00";"deadlift";"100";"5";"1";"       "
"2023-03-14 14:30:00";"deadlift";"80";"5";"1";"       "
"2023-03-14 14:30:00";"deadlift";"60";"5";"1";" none     "
"2023-03-13 13:30:00";"pull up";"76";"5";"5";" none     "
"2023-03-13 13:04:00";"front press";"60";"1";"1";" none     "
"2023-03-13 13:00:00";"front press";"57.5";"5";"1";" none     "
"2023-03-10 20:08:00";"clean with kettlebell";"20";"3";"3";" easy     "
"2023-03-10 20:08:00";"clean with kettlebell";"20";"3";"3";"none"
"2023-03-10 20:08:00";"neck pull with kettlebell";"20";"5";"3";"none"
"2023-03-10 20:08:00";"neck pull with kettlebell";"20";"5";"3";" easy     "
"2023-03-10 20:05:00";"pull up";"77.55";"3";"3";" easy     "
"2023-03-10 20:00:00";"dip";"0";"3";"3";" easy     "
"2023-03-10 19:49:00";"back squat";"60";"3";"3";" should be easy-was easy      "
"2023-03-10 19:42:00";"front press";"50";"3";"3";" should be easy-was easy-next time more      "
"2023-03-10 19:36:00";"deadlift";"100";"3";"3";" added two more with straps-in general it’s pretty bad     "
"2023-03-06 18:00:00";"back press";"55";"5";"8";"none"
"2023-03-06 18:00:00";"clean pull";"120";"5";"3";"none"
"2023-03-06 18:00:00";"pull up";"80";"5";"5";"was easy"
"2023-03-06 18:00:00";"snatch pull";"40";"3";"5";"none"
"2023-02-14 18:34:00";"crunch";"8";"20";"3";" none     "
"2023-02-14 18:25:00";"clean pull";"110";"6";"1";" (+ 90x5 100x5 and 60x10x5)      "
"2023-02-14 18:25:00";"neck pull";"110";"6";"1";"none"
"2023-02-14 18:20:00";"back pull";"30";"25";"3";" none     "
"2023-02-14 18:09:00";"back pull";"72.5";"13";"1";" straps      "
"2023-02-14 17:59:00";"deadlift";"130";"8";"1";" with straps      "
"2023-02-13 18:55:00";"crunch";"8";"10";"5";" none     "
"2023-02-13 18:40:00";"side raise";"6";"10";"5";" none     "
"2023-02-13 18:30:00";"pull down with a wide grip";"50";"10";"3";"none"
"2023-02-13 18:25:00";"pull up";"79";"5";"5";"bodyweight only wide grip none     "
"2023-02-13 18:25:00";"pull up";"79.15";"5";"5";" wide grip     "
"2023-02-13 18:16:00";"clean pull";"70";"10";"5";"none none     "
"2023-02-13 18:16:00";"neck pull";"70";"10";"5";"       "
"2023-02-13 18:05:00";"clean pull";"110";"8";"1";"none none     "
"2023-02-13 18:05:00";"neck pull";"110";"8";"1";" none     "
"2023-02-13 18:00:00";"front press";"40";"10";"5";" none     "
"2023-02-13 17:39:00";"front press";"70";"1";"3";" none     "
"2023-02-13 17:30:00";"front press";"60";"5";"1";" none     "
"2023-02-10 19:49:00";"back squat";"100";"9";"1";"none alles bestens     "
"2023-02-09 18:00:00";"incline bench press";"40";"10";"2";"       "
"2023-02-09 18:00:00";"incline bench press";"50";"10";"3";" none     "
"2023-02-09 17:40:00";"bench press";"80";"8";"1";" im guessing my max at 95kg     "
"2023-02-07 22:16:25";"clean pull";"150";"1";"1";"none none     "
"2023-02-07 22:00:00";"deadlift";"150";"1";"1";"had to increase because of the kid besides me semi clean pulls     "
"2023-02-06 19:40:00";"calve raise";"100";"5";"5";" on 25 plate     "
"2023-02-06 19:40:00";"calve raise";"100";"5";"1";"none on 25 plate     "
"2023-02-06 19:20:00";"power snatch";"90";"3";"1";" just slightly over the hip (belly height)     "
"2023-02-06 19:10:00";"front press";"40";"10";"5";"none none     "
"2023-02-06 19:08:00";"power snatch";"80";"3";"1";" cannot extend legs (left leg doesn’t extend fully) and did some calve raises on 25s     "
"2023-02-06 18:52:00";"front press";"75";"1";"1";" none     "
"2023-02-02 20:34:00";"clean pull";"140";"3";"1";" with some power not really clean     "
"2023-02-02 20:34:00";"neck pull";"140";"3";"1";"none"
"2023-02-02 20:13:00";"back pull";"90";"3";"1";"none none     "
"2023-02-02 19:48:00";"bench press";"72.5";"10";"1";" none     "
"2023-01-02 22:58:41";"deadlift";"122.5";"5";"5";"none semi clean pulls     "
"2022-12-23 16:00:00";"back squat";"100";"3";"5";"      "
"2022-12-23 16:00:00";"clean pull from under the knees";"160";"1";"2";"      "
"2022-12-23 16:00:00";"deadlift from under the knees with clean grip";"160";"1";"1";"none"
"2022-12-22 14:36:01";"front press";"60";"3";"6";"none none     "
"2022-12-20 19:18:00";"deadlift";"162.5";"1";"1";"einige Kinder anwesend  ich wollte irgendwie unbewusst nicht alles geben … War schwer  aber es waren nicht 100%   "
"2022-12-20 16:00:00";"deadlift";"140";"1";"1";"      "
"2022-12-20 16:00:00";"deadlift";"152.5";"1";"1";"      "
"2022-12-19 17:27:00";"front press";"80";"1";"1";"none testing 1rm pr- 80 also but my body scared and I used some push with legs- 90 was impossible-i can''t press it up -> maybe push-press'     "
"2022-12-19 17:23:00";"front press";"75";"1";"1";"testing 1rm pr 75kg went easy  80 also but my body scared and I used some push with legs  90 was impossible-i can't press it up -> maybe push-press   "
"2022-12-19 17:18:00";"front press";"65";"1";"1";"testing 1rm pr 75kg went easy  80 also but my body scared and I used some push with legs  90 was impossible-i can't press it up -> maybe push-press   "
"2022-12-17 15:30:00";"calve raise";"60";"10";"5";"      "
"2022-12-17 15:00:00";"box squat";"80";"10";"5";"      "
"2022-12-17 14:45:00";"back squat";"110";"1";"1";"none none     "
"2022-12-15 16:00:00";"bench press";"87.5";"4";"1";"very bad mood; very bad 'was shit-didn''t even get 2 in a row- had to pause for every rep'     "
"2022-12-15 16:00:00";"incline bench press";"50";"10";"5";"none none     "
"2022-12-13 16:00:00";"back raise";"4";"8";"3";"      "
"2022-12-13 16:00:00";"deadlift";"135";"10";"1";"none puste ging mir schon wieder aus  musste absetzen und pausieren  aber an und für sich easy  Technik eher nicht so gut  oberer Rücken schwach "
"2022-12-13 16:00:00";"deadlift with straight legs";"80";"8";"2";"motivation verloren. da mir wieder alles durch den Kopf ging      "
"2022-12-13 16:00:00";"neck pull with dumbbell";"28";"10";"1";"extrem suesses Maedl neben mir  musste ihr ein bisschen von mir zeigen     "
"2022-12-13 16:00:00";"neck pull with dumbbell";"30";"8";"1";"echt super suess :D      "
"2022-12-13 16:00:00";"neck pull with dumbbell";"32";"5";"1";"      "
"2022-12-13 16:00:00";"side raise";"4";"12";"3";"      "
"2022-12-12 20:00:55";"front press";"65";"4";"2";"none 'es waren paar Leute da- eine dicke neben mir am Rack; war mir egal und is e gegangen-- ein großer typ hat bisschen zur Motivation gedient- Beine fühlten sich stabil an und hat mir sehr geholfen …'     "
"2022-12-12 16:00:00";"back press";"30";"10";"1";"      "
"2022-12-12 16:00:00";"back raise";"6";"8";"3";"      "
"2022-12-12 16:00:00";"dip";"75";"5";"5";" naja  nächstes mal mit gewicht    "
"2022-12-12 16:00:00";"front press";"45";"10";"2";" eher schwer  generell finde ich die hohen reps schwer… tut halt sehr weh  -> hypertrophy potential?   "
"2022-12-12 16:00:00";"front press";"40";"10";"2";"none none     "
"2022-12-12 16:00:00";"neck pull with dumbbell";"28";"10";"3";"      "
"2022-12-12 16:00:00";"pull up";"75";"5";"7";"schon wieder der eine Typ vom letzen Mal oder eher gesagt einer der dem sehr ähnlich ist … hat glaub ich etwas zur Motivation beigetragen ging auch seeeehr gut. endlich… | nächstes Mal mit Zusatzgewicht     "
"2022-12-12 16:00:00";"side raise";"10";"5";"2";"      "
"2022-12-12 16:00:00";"side raise";"10";"8";"2";"      "
"2022-12-09 16:00:00";"deadlift";"105";"12";"1";" 11 reps     "
"2022-12-05 16:00:00";"incline bench press";"70";"1";"1";"      "
"2022-12-04 16:00:00";"deadlift with hexbar";"80";"10";"1";"      "
"2022-11-30 16:00:00";"bicycle";;;;"      "
"2022-11-30 16:00:00";"sit up";"4";"10";"4";"      "
"2022-11-29 16:00:00";"deadlift";"120";"10";"1";"none none     "
"2022-11-29 16:00:00";"deadlift with straight legs";"80";"10";"4";"none none     "
"2022-11-29 16:00:00";"leg raise";"74";"10";"3";"      "
"2022-11-29 16:00:00";"neck pull";"60";"10";"3";"      "
"2022-11-28 16:00:00";"dip";"74";"5";"5";"      "
"2022-11-28 16:00:00";"front press";"57.5";"6";"1";"none +4 push_press     "
"2022-11-28 16:00:00";"neck pull";"60";"10";"3";"      "
"2022-11-28 16:00:00";"pull up";"74";"5";"6";"      "
"2022-11-28 16:00:00";"side raise";"8";"12";"3";"      "
"2022-11-18 13:22:57";"back squat";"110";"1";"1";"none ziehen in der Leiste     "
"2022-11-18 13:00:00";"bench press";"85";"4";"1";"      "
"2022-11-15 19:26:51";"deadlift with straight legs";"75";"10";"5";"      "
"2022-11-15 19:23:00";"deadlift";"140";"1";"1";"      "
"2022-11-14 16:00:00";"clean pull";"50";"10";"3";"  +2x eher weniger     "
"2022-11-14 16:00:00";"front press";"45";"10";"3";"none none     "
"2022-11-14 16:00:00";"front press";"62.5";"3";"1";"none none     "
"2022-11-14 16:00:00";"pull up";"75";"5";"5";"none none     "
"2022-11-11 16:00:00";"back squat";"102.5";"4";"1";"      "
"2022-11-11 16:00:00";"back squat";"60";"10";"5";"      "
"2022-11-11 16:00:00";"deadlift with straight legs";"60";"10";"5";"      "
"2022-11-11 16:00:00";"leg curl";"35";"10";"5";" Beinbizeps     "
"2022-10-31 16:00:00";"front press";"30";"10";"5";"      "
"2022-10-31 16:00:00";"front press";"55";"7";"1";"none Problem: Kondition     "
"2022-10-28 16:00:00";"back squat";"80";"10";"4";"none none     "
"2022-10-27 16:00:00";"bench press";"80";"4";"1";"none none     "
"2022-10-25 16:00:00";"deadlift";"125";"7";"1";"      "
"2022-10-22 16:00:00";"bench press";"90";"2";"1";"      "
"2022-10-20 16:00:00";"back squat";"110";"1";"1";"      "
"2022-10-20 16:00:00";"back squat";"100";"3";"1";"      "
"2022-10-18 16:00:00";"deadlift";"140";"1";"1";"      "
"2022-10-18 16:00:00";"front press";"60";"2";"2";"      "
"2022-10-15 16:00:00";"back squat";"80";"6";"1";"      "
"2022-10-12 16:00:00";"run";;;;"tried a max-out workout  got my heart_bpm_max up to aroung 190 to hard to track here  look at aw-nv data   "
"2022-10-11 16:00:00";"bench press";"80";"5";"1";"      "
"2022-10-05 16:00:00";"deadlift with hexbar";"120";"1";"1";"none none     "
"2022-09-22 16:00:00";"incline bench press";"90";"0";"1";" incline bench press Press - failed     "
"2022-09-20 16:00:00";"deadlift";"125";"6";"1";"none none     "
"2022-09-19 16:00:00";"front press";"72.5";"1";"1";"      "
"2022-09-16 16:00:00";"back squat";"110";"1";"1";"      "
"2022-09-15 16:00:00";"incline bench press";"62.5";"10";"1";"      "
"2022-09-12 16:00:00";"back press";"40";"10";"3";"just to show this idiot whos the boss  he looked into his phone for 10 minutes …     "
"2022-09-12 16:00:00";"bench press";"55";"10";"3";" + 2 mit absetzen     "
"2022-09-12 16:00:00";"box squat";"70";"10";"5";"      "
"2022-09-12 16:00:00";"calve raise";"60";"10";"4";"some big idiot wanted to show me whos the boss  actually the bigger old bald dude sent him -> had to quit and did one more freely on smith    "
"2022-09-12 13:36:10";"back squat";"107.5";"3";"1";"      "
"2022-09-12 13:16:12";"bench press";"55";"7";"2";"none none     "
"2022-09-12 12:59:56";"bench press";"82.5";"8";"1";" +2x mit absetzen und weiter     "
"2022-09-08 16:00:00";"deadlift";"100";"9";"1";"none none     "
"2022-09-05 16:00:00";"front press";"60";"2";"1";"      "
"2022-09-02 18:24:00";"back pull";"50";"10";"5";"       "
"2022-08-26 16:00:00";"back squat";"100";"1";"1";"      "
"2022-08-25 16:00:00";"incline bench press";"75";"1";"1";"      "
"2022-08-23 16:00:00";"deadlift";"130";"1";"1";"      "
"2022-08-22 16:00:00";"front press";"72.5";"1";"1";"none none     "
"2022-08-18 16:00:00";"incline bench press";"65";"5";"1";"none none     "
"2022-08-16 16:00:00";"deadlift";"105";"5";"1";"      "
"2022-08-11 16:00:00";"deadlift";"122.5";"10";"1";"      "
"2022-08-11 16:00:00";"deadlift with straight legs";"70";"10";"5";"      "
"2022-07-25 16:00:00";"front press";"60";"3";"1";"      "
"2022-07-21 16:00:00";"incline bench press";"60";"8";"1";"none none     "
"2022-07-12 16:00:00";"deadlift with straight legs";"80";"10";"3";"none none     "
"2022-07-12 16:00:00";"sit up";"6";"12";"3";" + 1x 10     "
"2022-07-12 13:24:17";"deadlift";"127.5";"10";"1";"none none     "
"2022-07-11 16:00:00";"clean pull";"50";"6";"3";"      "
"2022-07-11 16:00:00";"front press";"57.5";"8";"1";" Mit pause zwischen 5-7  Puls hoch  Beine schwach   "
"2022-07-11 16:00:00";"front press";"40";"10";"3";"      "
"2022-07-11 16:00:00";"pull up";"74.4";"5";"4";"none bodyweight from 06.11.2022     "
"2022-06-05 16:00:00";"back squat";"100";"1";"1";"      "
"2022-05-25 16:00:00";"incline bench press";"70";"5";"2";"      "
"2022-05-24 16:00:00";"deadlift";"90";"10";"1";"none none     "
"2022-05-19 16:00:00";"front press";"55";"10";"1";"      "
"2022-05-12 16:00:00";"front press";"45";"6";"4";"      "
"2022-05-12 16:00:00";"pull up";"76";"6";"4";"      "
"2022-05-12 12:10:50";"front press";"60";"5";"1";" + 3x mit pause +1x push_press     "
"2022-05-05 16:00:00";"incline bench press";"50";"12";"1";"      "
"2022-04-28 16:00:00";"incline bench press";"50";"9";"1";"none none     "
"2022-04-26 16:00:00";"deadlift with hexbar";"85";"10";"1";"      "
"2022-04-25 16:00:00";"front press";"50";"5";"2";"      "
"2022-04-25 16:00:00";"neck pull";"80";"9";"1";"      "
"2022-04-22 16:00:00";"incline bench press";"50";"6";"1";"      "
"2022-04-19 16:00:00";"front press";"40";"10";"1";"      "
"2022-04-14 16:00:00";"incline bench press";"40";"12";"1";"      "
"2022-04-11 16:00:00";"bench press";"45";"10";"5";"      "
"2022-04-11 16:00:00";"bench press";"80";"5";"1";"      "
"2022-04-08 16:00:00";"incline bench press";"80";"1";"1";"      "
"2022-04-04 16:00:00";"front press";"40";"8";"1";"none none     "
"2022-03-28 16:00:00";"front press";"37.5";"9";"1";"none none     "
"2022-03-12 14:13:53";"sit up";"6";"10";"3";"      "
"2022-03-12 14:13:10";"bicycle";;;;"      "
"2022-03-05 16:00:00";"deadlift with hexbar";"87.5";"9";"1";"      "
"2022-03-04 16:00:00";"back squat";"80";"1";"1";"      "
"2022-02-12 11:44:21";"leg curl";"30";"12";"4";"      "
"2022-02-12 11:39:09";"leg extension";"30";"12";"4";"      "
"2022-02-12 11:35:01";"box squat";"60";"10";"5";"      "
"2022-02-12 11:19:24";"back squat";"102.5";"5";"1";"added box_squats to help with the upper part of my squat      "
"2022-02-11 16:00:00";"deadlift";"120";"10";"1";"added RDL to deadlift training Puls fast 180     "
"2022-02-11 16:00:00";"deadlift with straight legs";"70";"10";"5";" romanian     "
"2022-02-08 16:00:00";"deadlift";"130";"1";"1";"      "
"2022-02-05 16:00:00";"front press";"50";"5";"1";"none none     "
"2022-02-04 16:00:00";"incline bench press";"40";"10";"1";" instead of 37.5     "
"2022-01-12 14:09:27";"side raise";"8";"10";"4";"      "
"2022-01-12 14:05:00";"back raise";"4";"10";"4";"      "
"2022-01-12 13:58:00";"back pull";"40";"10";"2";"      "
"2022-01-12 13:54:53";"back pull";"60";"10";"3";" sehr schwer  mit viel power und  schwung    "
"2022-01-12 13:45:00";"bench press";"50";"10";"5";"      "
"2022-01-12 13:26:33";"bench press";"77.5";"9";"1";"      "
"2022-01-08 16:00:00";"front press";"65";"1";"1";"      "
"2022-01-04 16:00:00";"deadlift with hexbar";"80";"5";"1";" instead of 77.5     "
"2016-01-28 17:00:00";"bench press";"90";"3";"1";"none none     "
"2016-01-28 17:00:00";"bench press";"80";"3";"1";"none none     "
"2016-01-28 17:00:00";"bench press";"102.5";"3";"1";"none stopped tracking andor stopped training     "
"2016-01-26 17:00:00";"deadlift";"147.5";"3";"1";"none cycle18     "
"2016-01-26 17:00:00";"deadlift";"165";"3";"1";"none cycle18     "
"2016-01-26 17:00:00";"deadlift";"170";"1";"1";"none cycle18     "
"2016-01-26 17:00:00";"deadlift";"180";"1";"1";"none cycle18     "
"2016-01-26 17:00:00";"deadlift";"190";"1";"1";"none cycle18     "
"2016-01-26 17:00:00";"deadlift";"140";"3";"1";"none cycle18     "
"2016-01-25 17:00:00";"front press";"62.5";"3";"1";"none none     "
"2016-01-25 17:00:00";"front press";"55";"3";"1";"none none     "
"2016-01-25 17:00:00";"front press";"47.5";"3";"1";"none none     "
"2016-01-25 17:00:00";"front press";"70";"1";"1";"none none     "
"2016-01-24 17:00:00";"back squat";"125";"3";"1";"none none     "
"2016-01-24 17:00:00";"back squat";"140";"3";"1";"none none     "
"2016-01-24 17:00:00";"back squat";"150";"1";"1";"none none     "
"2016-01-24 17:00:00";"back squat";"155";"1";"1";"none none     "
"2016-01-24 17:00:00";"back squat";"100";"5";"3";"none none     "
"2016-01-24 17:00:00";"back squat";"110";"3";"1";"none none     "
"2016-01-17 17:00:00";"bench press";"95";"1";"1";"none none     "
"2016-01-17 17:00:00";"bench press";"105";"1";"1";"none none     "
"2016-01-17 17:00:00";"bench press";"82.5";"5";"1";"none none     "
"2016-01-15 17:00:00";"deadlift";"135";"5";"1";"none none     "
"2016-01-15 17:00:00";"deadlift";"152.5";"5";"1";"none none     "
"2016-01-15 17:00:00";"deadlift";"170";"1";"1";"none none     "
"2016-01-15 17:00:00";"deadlift";"180";"1";"2";"none none     "
"2016-01-12 17:00:00";"front press";"55";"5";"1";"none none     "
"2016-01-12 17:00:00";"front press";"50";"6";"5";"none none     "
"2016-01-12 17:00:00";"front press";"50";"5";"1";"none none     "
"2016-01-12 17:00:00";"front press";"62.5";"4";"1";"none none     "
"2016-01-12 17:00:00";"front press";"67.5";"3";"1";"none none     "
"2016-01-11 17:00:00";"back squat";"112.5";"5";"1";"none none     "
"2016-01-11 17:00:00";"back squat";"130";"5";"1";"none none     "
"2016-01-11 17:00:00";"back squat";"145";"4";"1";"none none     "
"2016-01-11 17:00:00";"back squat";"112.5";"5";"3";"none none     "
"2016-01-10 17:00:00";"bench press";"77.5";"3";"5";"none none     "
"2016-01-10 17:00:00";"bench press";"77.5";"3";"1";"none none     "
"2016-01-10 17:00:00";"bench press";"90";"3";"1";"none none     "
"2016-01-10 17:00:00";"bench press";"100";"7";"1";"none none     "
"2016-01-07 17:00:00";"deadlift";"125";"7";"3";"none none     "
"2016-01-07 17:00:00";"deadlift";"180";"2";"1";"none none     "
"2016-01-07 17:00:00";"deadlift";"160";"4";"1";"none none     "
"2016-01-07 17:00:00";"deadlift";"142.5";"3";"1";"none none     "
"2016-01-07 17:00:00";"deadlift";"125";"3";"1";"none none     "
"2016-01-06 17:00:00";"front press";"65";"3";"1";"none none     "
"2016-01-06 17:00:00";"front press";"70";"1";"1";"none none     "
"2016-01-06 17:00:00";"front press";"60";"3";"1";"none none     "
"2016-01-06 17:00:00";"front press";"52.5";"5";"1";"none none     "
"2016-01-06 17:00:00";"front press";"45";"5";"1";"none none     "
"2016-01-03 17:00:00";"back squat";"105";"5";"1";"none none     "
"2016-01-03 17:00:00";"back squat";"120";"5";"1";"none none     "
"2016-01-03 17:00:00";"back squat";"137.5";"5";"1";"none none     "
"2015-12-30 17:00:00";"bench press";"72.5";"5";"1";"none none     "
"2015-12-30 17:00:00";"bench press";"95";"5";"1";"none none     "
"2015-12-30 17:00:00";"bench press";"82.5";"5";"1";"none none     "
"2015-12-30 17:00:00";"deadlift";"115";"5";"1";"none none     "
"2015-12-30 17:00:00";"deadlift";"135";"5";"1";"none none     "
"2015-12-30 17:00:00";"deadlift";"152.5";"5";"1";"none none     "
"2015-12-26 17:00:00";"front press";"42.5";"5";"1";"none none     "
"2015-12-26 17:00:00";"front press";"50";"5";"1";"none none     "
"2015-12-26 17:00:00";"front press";"60";"5";"1";"none none     "
"2015-12-26 17:00:00";"front press";"65";"3";"1";"none none     "
"2015-12-26 17:00:00";"front press";"42.5";"10";"5";"none none     "
"2015-12-26 17:00:00";"front press";"55";"8";"1";"none none     "
"2015-12-25 17:00:00";"back squat";"80";"10";"5";"none none     "
"2015-12-25 17:00:00";"back squat";"160";"1";"1";"none none     "
"2015-12-25 17:00:00";"back squat";"140";"2";"1";"none none     "
"2015-12-25 17:00:00";"back squat";"130";"8";"1";"none none     "
"2015-12-25 17:00:00";"back squat";"112.5";"5";"1";"none none     "
"2015-12-25 17:00:00";"back squat";"97.5";"5";"1";"none none     "
"2015-12-25 17:00:00";"back squat";"155";"1";"1";"none none     "
"2015-12-11 17:00:00";"deadlift";"120";"5";"1";"none none     "
"2015-12-11 17:00:00";"deadlift";"157.5";"5";"1";"none none     "
"2015-12-11 17:00:00";"deadlift";"110";"10";"5";"none none     "
"2015-12-11 17:00:00";"deadlift";"140";"5";"1";"none none     "
"2015-12-09 17:00:00";"front press";"50";"5";"1";"none none     "
"2015-12-09 17:00:00";"front press";"57.5";"5";"1";"none none     "
"2015-12-09 17:00:00";"front press";"40";"10";"5";"none none     "
"2015-12-09 17:00:00";"front press";"65";"5";"1";"none none     "
"2015-12-07 17:00:00";"back squat";"105";"5";"1";"none none     "
"2015-12-07 17:00:00";"back squat";"120";"5";"1";"none none     "
"2015-12-07 17:00:00";"back squat";"137.5";"5";"1";"none none     "
"2015-12-07 17:00:00";"back squat";"80";"10";"5";"none none     "
"2015-11-22 17:00:00";"bench press";"80";"3";"1";"none none     "
"2015-11-22 17:00:00";"bench press";"90";"3";"1";"none none     "
"2015-11-22 17:00:00";"bench press";"100";"6";"1";"none none     "
"2015-11-22 17:00:00";"bench press";"65";"10";"5";"none none     "
"2015-11-22 17:00:00";"bench press";"100";"2";"2";"none none     "
"2015-11-20 17:00:00";"deadlift";"127.5";"3";"1";"none none     "
"2015-11-20 17:00:00";"deadlift";"145";"3";"1";"none none     "
"2015-11-20 17:00:00";"deadlift";"162.5";"3";"1";"none none     "
"2015-11-20 17:00:00";"deadlift";"180";"3";"1";"none none     "
"2015-11-20 17:00:00";"deadlift";"190";"1";"1";"none none     "
"2015-11-20 17:00:00";"deadlift";"100";"10";"5";"none none     "
"2015-11-19 17:00:00";"front press";"42.5";"10";"5";"none none     "
"2015-11-19 17:00:00";"front press";"60";"3";"1";"none none     "
"2015-11-19 17:00:00";"front press";"52.5";"3";"1";"none none     "
"2015-11-19 17:00:00";"front press";"67.5";"3";"1";"none none     "
"2015-11-16 17:00:00";"back squat";"125";"3";"1";"none none     "
"2015-11-16 17:00:00";"back squat";"80";"10";"5";"none none     "
"2015-11-16 17:00:00";"back squat";"142.5";"4";"1";"none none     "
"2015-11-16 17:00:00";"back squat";"110";"3";"1";"none none     "
"2015-11-15 17:00:00";"bench press";"72.5";"5";"1";"none none     "
"2015-11-15 17:00:00";"bench press";"82.5";"5";"1";"none none     "
"2015-11-15 17:00:00";"bench press";"92.5";"5";"1";"none none     "
"2015-11-15 17:00:00";"bench press";"100";"3";"1";"none none     "
"2015-11-15 17:00:00";"bench press";"65";"10";"5";"none none     "
"2015-11-12 17:00:00";"deadlift";"155";"5";"1";"none none     "
"2015-11-12 17:00:00";"deadlift";"117.5";"5";"1";"none none     "
"2015-11-12 17:00:00";"deadlift";"137.5";"5";"1";"none none     "
"2015-11-12 17:00:00";"deadlift";"170";"1";"1";"none none     "
"2015-11-12 17:00:00";"deadlift";"180";"1";"1";"none none     "
"2015-11-12 17:00:00";"deadlift";"100";"10";"5";"none none     "
"2015-11-10 17:00:00";"front press";"47.5";"5";"1";"none none     "
"2015-11-10 17:00:00";"front press";"55";"5";"1";"none none     "
"2015-11-10 17:00:00";"front press";"62.5";"5";"1";"none none     "
"2015-11-10 17:00:00";"front press";"42.5";"10";"5";"none none     "
"2015-11-09 17:00:00";"back squat";"117.5";"5";"1";"none none     "
"2015-11-09 17:00:00";"back squat";"85";"10";"5";"none none     "
"2015-11-09 17:00:00";"back squat";"102.5";"5";"1";"none none     "
"2015-11-09 17:00:00";"back squat";"135";"7";"1";"none none     "
"2015-10-17 17:00:00";"deadlift";"127.5";"3";"1";"none none     "
"2015-10-17 17:00:00";"deadlift";"145";"3";"1";"none none     "
"2015-10-17 17:00:00";"deadlift";"100";"10";"5";"none none     "
"2015-10-17 17:00:00";"deadlift";"162.5";"3";"1";"none none     "
"2015-10-16 17:00:00";"front press";"50";"3";"1";"none none     "
"2015-10-16 17:00:00";"front press";"57.5";"3";"1";"none none     "
"2015-10-16 17:00:00";"front press";"65";"3";"1";"none none     "
"2015-10-14 17:00:00";"back squat";"110";"3";"1";"none none     "
"2015-10-14 17:00:00";"back squat";"125";"3";"1";"none none     "
"2015-10-14 17:00:00";"back squat";"142.5";"3";"1";"none none     "
"2015-10-14 17:00:00";"back squat";"80";"10";"5";"none none     "
"2015-09-27 17:00:00";"front press";"62.5";"4";"1";"none none     "
"2015-09-27 17:00:00";"front press";"40";"10";"5";"none none     "
"2015-09-27 17:00:00";"front press";"55";"5";"1";"none none     "
"2015-09-27 17:00:00";"front press";"47.5";"5";"1";"none none     "
"2015-09-24 17:00:00";"back squat";"105";"5";"1";"none none     "
"2015-09-24 17:00:00";"back squat";"120";"5";"1";"none none     "
"2015-09-24 17:00:00";"back squat";"135";"5";"1";"none none     "
"2015-09-23 17:00:00";"bench press";"72.5";"5";"1";"none none     "
"2015-09-23 17:00:00";"bench press";"82.5";"5";"1";"none none     "
"2015-09-23 17:00:00";"bench press";"92.5";"5";"1";"none none     "
"2015-09-23 17:00:00";"bench press";"100";"5";"1";"none none     "
"2015-09-13 17:00:00";"front press";"70";"3";"1";"none none     "
"2015-09-13 17:00:00";"front press";"55";"5";"1";"none none     "
"2015-09-13 17:00:00";"front press";"62.5";"3";"1";"none none     "
"2015-09-09 17:00:00";"back squat";"145";"3";"1";"none none     "
"2015-09-09 17:00:00";"back squat";"130";"3";"1";"none none     "
"2015-09-09 17:00:00";"back squat";"115";"5";"1";"none none     "
"2015-09-08 17:00:00";"bench press";"80";"5";"1";"none none     "
"2015-09-08 17:00:00";"bench press";"92.5";"5";"1";"none none     "
"2015-09-08 17:00:00";"bench press";"102.5";"5";"1";"none none     "
"2015-09-06 17:00:00";"deadlift";"125";"3";"1";"none none     "
"2015-09-06 17:00:00";"deadlift";"142.5";"3";"1";"none none     "
"2015-09-06 17:00:00";"deadlift";"160";"3";"1";"none none     "
"2015-09-06 17:00:00";"deadlift";"180";"1";"1";"none none     "
"2015-09-06 17:00:00";"deadlift";"190";"1";"1";"none none     "
"2015-09-03 17:00:00";"front press";"60";"3";"1";"none none     "
"2015-09-03 17:00:00";"front press";"67.5";"3";"1";"none none     "
"2015-09-03 17:00:00";"front press";"72.5";"1";"1";"none none     "
"2015-09-03 17:00:00";"front press";"52.5";"3";"1";"none none     "
"2015-09-01 17:00:00";"back squat";"107.5";"5";"1";"none none     "
"2015-09-01 17:00:00";"back squat";"122.5";"5";"1";"none none     "
"2015-09-01 17:00:00";"back squat";"137.5";"5";"1";"none none     "
"2015-09-01 17:00:00";"back squat";"150";"3";"1";"none none     "
"2015-09-01 17:00:00";"back squat";"85";"10";"5";"none none     "
"2015-08-31 17:00:00";"bench press";"75";"3";"1";"none none     "
"2015-08-31 17:00:00";"bench press";"87.5";"3";"1";"none none     "
"2015-08-31 17:00:00";"bench press";"97.5";"3";"1";"none none     "
"2015-08-27 17:00:00";"front press";"42.5";"10";"5";"none none     "
"2015-08-27 17:00:00";"front press";"55";"5";"1";"none none     "
"2015-08-27 17:00:00";"front press";"62.5";"5";"1";"none none     "
"2015-08-27 17:00:00";"front press";"47.5";"5";"1";"none none     "
"2015-08-21 17:00:00";"bench press";"92.5";"11";"1";"none none     "
"2015-08-21 17:00:00";"bench press";"80";"5";"1";"none none     "
"2015-08-21 17:00:00";"bench press";"70";"5";"1";"none none     "
"2015-08-15 17:00:00";"back squat";"125";"3";"1";"none none     "
"2015-08-15 17:00:00";"back squat";"112.5";"5";"1";"none none     "
"2015-08-15 17:00:00";"back squat";"140";"6";"1";"none none     "
"2015-08-14 17:00:00";"bench press";"100";"6";"1";"none none     "
"2015-08-14 17:00:00";"bench press";"90";"5";"1";"none none     "
"2015-08-14 17:00:00";"bench press";"80";"5";"1";"none none     "
"2015-08-12 17:00:00";"deadlift";"147.5";"5";"1";"none none     "
"2015-08-12 17:00:00";"deadlift";"100";"10";"5";"none none     "
"2015-08-12 17:00:00";"deadlift";"130";"5";"1";"none none     "
"2015-08-12 17:00:00";"deadlift";"112.5";"5";"1";"none none     "
"2015-08-10 17:00:00";"front press";"47.5";"5";"1";"none none     "
"2015-08-10 17:00:00";"front press";"55";"5";"1";"none none     "
"2015-08-10 17:00:00";"front press";"60";"5";"1";"none none     "
"2015-08-10 17:00:00";"front press";"40";"10";"5";"none none     "
"2015-08-08 17:00:00";"back squat";"140";"4";"1";"none none     "
"2015-08-08 17:00:00";"back squat";"112.5";"5";"1";"none none     "
"2015-08-08 17:00:00";"back squat";"127.5";"5";"1";"none none     "
"2015-08-08 17:00:00";"back squat";"97.5";"5";"1";"none none     "
"2015-08-08 17:00:00";"back squat";"75";"10";"5";"none none     "
"2015-08-06 17:00:00";"bench press";"90";"5";"1";"none none     "
"2015-08-06 17:00:00";"bench press";"80";"5";"1";"none none     "
"2015-08-06 17:00:00";"bench press";"67.5";"3";"1";"none none     "
"2015-08-06 17:00:00";"bench press";"100";"3";"1";"none none     "
"2015-08-03 17:00:00";"deadlift";"100";"10";"5";"none none     "
"2015-08-03 17:00:00";"deadlift";"180";"1";"1";"none none     "
"2015-08-03 17:00:00";"deadlift";"170";"1";"1";"none none     "
"2015-08-03 17:00:00";"deadlift";"160";"2";"1";"none none     "
"2015-08-03 17:00:00";"deadlift";"155";"3";"1";"none none     "
"2015-08-03 17:00:00";"deadlift";"137.5";"3";"1";"none none     "
"2015-08-03 17:00:00";"deadlift";"120";"3";"1";"none none     "
"2015-07-31 17:00:00";"front press";"57.5";"3";"1";"none none     "
"2015-07-31 17:00:00";"front press";"65";"3";"1";"none none     "
"2015-07-31 17:00:00";"front press";"40";"10";"5";"none none     "
"2015-07-31 17:00:00";"front press";"50";"3";"1";"none none     "
"2015-07-29 17:00:00";"back squat";"105";"3";"1";"none none     "
"2015-07-29 17:00:00";"back squat";"120";"3";"1";"none none     "
"2015-07-29 17:00:00";"back squat";"132.5";"3";"1";"none none     "
"2015-07-29 17:00:00";"back squat";"75";"10";"5";"none none     "
"2015-07-27 17:00:00";"bench press";"85";"3";"1";"none none     "
"2015-07-27 17:00:00";"bench press";"72.5";"3";"1";"none none     "
"2015-07-27 17:00:00";"bench press";"27.5";"10";"5";"none none     "
"2015-07-27 17:00:00";"bench press";"95";"8";"1";"none none     "
"2015-07-16 17:00:00";"deadlift";"125";"5";"1";"none none     "
"2015-07-16 17:00:00";"deadlift";"160";"3";"1";"none none     "
"2015-07-16 17:00:00";"deadlift";"170";"1";"1";"none none     "
"2015-07-16 17:00:00";"deadlift";"85";"10";"5";"none none     "
"2015-07-16 17:00:00";"deadlift";"142.5";"5";"1";"none none     "
"2015-07-15 17:00:00";"bench press";"77.5";"5";"1";"none none     "
"2015-07-15 17:00:00";"bench press";"97.5";"5";"1";"none none     "
"2015-07-15 17:00:00";"bench press";"55";"10";"5";"none none     "
"2015-07-15 17:00:00";"bench press";"87.5";"5";"1";"none none     "
"2015-07-13 17:00:00";"back squat";"122.5";"5";"1";"none none     "
"2015-07-13 17:00:00";"back squat";"137.5";"5";"1";"none none     "
"2015-07-13 17:00:00";"back squat";"72.5";"10";"5";"none none     "
"2015-07-13 17:00:00";"back squat";"107.5";"5";"1";"none none     "
"2015-07-10 17:00:00";"front press";"52.5";"3";"1";"none none     "
"2015-07-10 17:00:00";"front press";"60";"3";"1";"none none     "
"2015-07-10 17:00:00";"front press";"65";"2";"1";"none none     "
"2015-07-08 17:00:00";"deadlift";"117.5";"3";"1";"none none     "
"2015-07-08 17:00:00";"deadlift";"152.5";"3";"1";"none none     "
"2015-07-08 17:00:00";"deadlift";"85";"10";"5";"none none     "
"2015-07-08 17:00:00";"deadlift";"135";"3";"1";"none none     "
"2015-07-06 17:00:00";"bench press";"72.5";"3";"1";"none none     "
"2015-07-06 17:00:00";"bench press";"82.5";"3";"1";"none none     "
"2015-07-06 17:00:00";"bench press";"92.5";"3";"1";"none none     "
"2015-07-06 17:00:00";"bench press";"100";"3";"1";"none none     "
"2015-07-06 17:00:00";"bench press";"52.5";"10";"5";"none none     "
"2015-07-01 17:00:00";"back squat";"100";"3";"1";"none none     "
"2015-07-01 17:00:00";"back squat";"115";"3";"1";"none none     "
"2015-07-01 17:00:00";"back squat";"130";"3";"1";"none none     "
"2015-07-01 17:00:00";"back squat";"140";"3";"1";"none none     "
"2015-07-01 17:00:00";"back squat";"72.5";"10";"5";"none none     "
"2015-06-30 17:00:00";"front press";"55";"3";"1";"none none     "
"2015-06-30 17:00:00";"front press";"62.5";"3";"1";"none none     "
"2015-06-30 17:00:00";"front press";"47.5";"5";"1";"none none     "
"2015-06-28 17:00:00";"deadlift";"110";"5";"1";"none none     "
"2015-06-28 17:00:00";"deadlift";"125";"5";"1";"none none     "
"2015-06-28 17:00:00";"deadlift";"142.5";"5";"1";"none none     "
"2015-06-28 17:00:00";"deadlift";"85";"10";"5";"none none     "
"2015-06-26 17:00:00";"bench press";"67.5";"5";"1";"none none     "
"2015-06-26 17:00:00";"bench press";"77.5";"5";"1";"none none     "
"2015-06-26 17:00:00";"bench press";"87.5";"5";"1";"none none     "
"2015-06-26 17:00:00";"bench press";"60";"10";"5";"none none     "
"2015-06-23 17:00:00";"back squat";"92.5";"5";"1";"none none     "
"2015-06-23 17:00:00";"back squat";"122.5";"5";"1";"none none     "
"2015-06-23 17:00:00";"back squat";"72.5";"10";"5";"none none     "
"2015-06-23 17:00:00";"back squat";"107.5";"5";"1";"none none     "
"2015-06-22 17:00:00";"front press";"45";"5";"1";"none none     "
"2015-06-22 17:00:00";"front press";"52.5";"5";"1";"none none     "
"2015-06-22 17:00:00";"front press";"60";"8";"1";"none none     "
"2015-06-22 17:00:00";"front press";"40";"10";"5";"none none     "
"2015-05-22 17:00:00";"bench press";"77.5";"3";"1";"none none     "
"2015-05-22 17:00:00";"bench press";"87.5";"3";"1";"none none     "
"2015-05-22 17:00:00";"bench press";"97.5";"3";"1";"none none     "
"2015-05-20 17:00:00";"back squat";"115";"3";"1";"none none     "
"2015-05-20 17:00:00";"back squat";"122.5";"3";"1";"none none     "
"2015-05-20 17:00:00";"back squat";"102.5";"3";"1";"none none     "
"2015-05-20 17:00:00";"back squat";"72.5";"10";"5";"none none     "
"2015-05-18 17:00:00";"front press";"52.5";"5";"1";"none none     "
"2015-05-18 17:00:00";"front press";"57.5";"5";"1";"none none     "
"2015-05-18 17:00:00";"front press";"65";"5";"1";"none none     "
"2015-05-16 17:00:00";"deadlift";"125";"5";"1";"none none     "
"2015-05-16 17:00:00";"deadlift";"142.5";"5";"1";"none none     "
"2015-05-16 17:00:00";"deadlift";"160";"5";"1";"none none     "
"2015-05-16 17:00:00";"deadlift";"100";"10";"5";"none none     "
"2015-05-13 17:00:00";"bench press";"72.5";"5";"1";"none none     "
"2015-05-13 17:00:00";"bench press";"82.5";"5";"1";"none none     "
"2015-05-13 17:00:00";"bench press";"55";"10";"5";"none none     "
"2015-05-13 17:00:00";"bench press";"92.5";"6";"1";"none none     "
"2015-05-11 17:00:00";"back squat";"95";"5";"1";"none none     "
"2015-05-11 17:00:00";"back squat";"107.5";"5";"1";"none none     "
"2015-05-11 17:00:00";"back squat";"120";"8";"1";"none none     "
"2015-05-11 17:00:00";"back squat";"72.5";"10";"5";"none none     "
"2015-05-03 17:00:00";"front press";"57.5";"5";"1";"none none     "
"2015-05-03 17:00:00";"front press";"65";"3";"1";"none none     "
"2015-05-03 17:00:00";"front press";"70";"3";"1";"none none     "
"2015-05-01 17:00:00";"deadlift";"100";"10";"5";"none none     "
"2015-05-01 17:00:00";"deadlift";"137.5";"5";"1";"none none     "
"2015-05-01 17:00:00";"deadlift";"155";"3";"1";"none none     "
"2015-05-01 17:00:00";"deadlift";"170";"3";"1";"none none     "
"2015-04-30 17:00:00";"bench press";"80";"5";"1";"none none     "
"2015-04-30 17:00:00";"bench press";"65";"10";"5";"none none     "
"2015-04-30 17:00:00";"bench press";"90";"5";"1";"none none     "
"2015-04-30 17:00:00";"bench press";"100";"1";"1";"none none     "
"2015-04-27 17:00:00";"back squat";"130";"5";"1";"none none     "
"2015-04-27 17:00:00";"back squat";"115";"5";"1";"none none     "
"2015-04-27 17:00:00";"back squat";"85";"5";"10";"none none     "
"2015-04-27 17:00:00";"back squat";"102.5";"5";"1";"none none     "
"2015-04-26 17:00:00";"front press";"52.5";"3";"1";"none none     "
"2015-04-26 17:00:00";"front press";"60";"3";"1";"none none     "
"2015-04-26 17:00:00";"front press";"65";"3";"1";"none none     "
"2015-04-26 17:00:00";"front press";"42.5";"10";"5";"none none     "
"2015-04-24 17:00:00";"deadlift";"130";"3";"1";"none none     "
"2015-04-24 17:00:00";"deadlift";"147.5";"3";"1";"none none     "
"2015-04-24 17:00:00";"deadlift";"107.5";"10";"5";"none none     "
"2015-04-24 17:00:00";"deadlift";"165";"3";"1";"none none     "
"2015-04-22 17:00:00";"bench press";"62.5";"10";"5";"none none     "
"2015-04-22 17:00:00";"bench press";"75";"3";"1";"none none     "
"2015-04-22 17:00:00";"bench press";"85";"3";"1";"none none     "
"2015-04-22 17:00:00";"bench press";"95";"3";"1";"none none     "
"2015-04-20 17:00:00";"back squat";"97.5";"3";"1";"none none     "
"2015-04-20 17:00:00";"back squat";"70";"10";"5";"none none     "
"2015-04-20 17:00:00";"back squat";"110";"3";"1";"none none     "
"2015-04-20 17:00:00";"back squat";"122.5";"3";"1";"none none     "
"2015-04-19 17:00:00";"front press";"45";"10";"5";"none none     "
"2015-04-19 17:00:00";"front press";"62.5";"8";"1";"none none     "
"2015-04-19 17:00:00";"front press";"55";"5";"1";"none none     "
"2015-04-19 17:00:00";"front press";"50";"5";"1";"none none     "
"2015-04-17 17:00:00";"deadlift";"137.5";"5";"1";"none none     "
"2015-04-17 17:00:00";"deadlift";"155";"5";"1";"none none     "
"2015-04-17 17:00:00";"deadlift";"160";"1";"1";"none none     "
"2015-04-17 17:00:00";"deadlift";"170";"1";"1";"none none     "
"2015-04-17 17:00:00";"deadlift";"180";"1";"1";"none none     "
"2015-04-17 17:00:00";"deadlift";"120";"5";"1";"none none     "
"2015-04-15 17:00:00";"bench press";"70";"5";"1";"none none     "
"2015-04-15 17:00:00";"bench press";"80";"5";"1";"none none     "
"2015-04-15 17:00:00";"bench press";"90";"5";"1";"none none     "
"2015-04-15 17:00:00";"bench press";"110";"1";"1";"none none     "
"2015-04-15 17:00:00";"bench press";"115";"1";"1";"none none     "
"2015-04-15 17:00:00";"bench press";"70";"10";"5";"none none     "
"2015-04-15 17:00:00";"bench press";"100";"4";"1";"none none     "
"2015-04-13 17:00:00";"back squat";"90";"10";"5";"none none     "
"2015-04-13 17:00:00";"back squat";"90";"5";"1";"none none     "
"2015-04-13 17:00:00";"back squat";"115";"5";"1";"none none     "
"2015-04-13 17:00:00";"back squat";"102.5";"5";"1";"none none     "
"2015-04-13 17:00:00";"back squat";"130";"3";"1";"none none     "
"2015-04-05 17:00:00";"front press";"62.5";"5";"1";"none none     "
"2015-04-05 17:00:00";"front press";"67.5";"3";"1";"none none     "
"2015-04-05 17:00:00";"front press";"55";"5";"1";"none none     "
"2015-04-04 17:00:00";"deadlift";"167.5";"3";"1";"none none     "
"2015-04-04 17:00:00";"deadlift";"132.5";"5";"1";"none none     "
"2015-04-04 17:00:00";"deadlift";"150";"5";"1";"none none     "
"2015-03-30 17:00:00";"front press";"50";"3";"1";"none none     "
"2015-03-30 17:00:00";"front press";"57.5";"3";"1";"none none     "
"2015-03-30 17:00:00";"front press";"62.5";"3";"1";"none none     "
"2015-03-27 17:00:00";"deadlift";"125";"3";"1";"none none     "
"2015-03-27 17:00:00";"deadlift";"142.5";"3";"1";"none none     "
"2015-03-27 17:00:00";"deadlift";"160";"3";"1";"none none     "
"2015-03-25 17:00:00";"bench press";"72.5";"3";"1";"none none     "
"2015-03-25 17:00:00";"bench press";"82.5";"3";"1";"none none     "
"2015-03-25 17:00:00";"bench press";"72.5";"10";"5";"none none     "
"2015-03-25 17:00:00";"bench press";"92.5";"3";"1";"none none     "
"2015-03-24 17:00:00";"back squat";"92.5";"3";"1";"none none     "
"2015-03-24 17:00:00";"back squat";"105";"3";"1";"none none     "
"2015-03-24 17:00:00";"back squat";"117.5";"3";"1";"none none     "
"2015-03-24 17:00:00";"back squat";"140";"2";"1";"none none     "
"2015-03-22 17:00:00";"front press";"52.5";"5";"1";"none none     "
"2015-03-22 17:00:00";"front press";"47.5";"5";"1";"none none     "
"2015-03-22 17:00:00";"front press";"60";"5";"1";"none none     "
"2015-03-22 17:00:00";"pull up";"0";"10";"6";"none none     "
"2015-03-20 17:00:00";"deadlift";"132.5";"5";"1";"none none     "
"2015-03-20 17:00:00";"deadlift";"150";"5";"1";"none none     "
"2015-03-20 17:00:00";"deadlift";"115";"10";"5";"none none     "
"2015-03-20 17:00:00";"deadlift";"115";"5";"1";"none none     "
"2015-03-18 17:00:00";"bench press";"67.5";"5";"1";"none none     "
"2015-03-18 17:00:00";"bench press";"77.5";"5";"1";"none none     "
"2015-03-18 17:00:00";"bench press";"87.5";"5";"1";"none none     "
"2015-03-16 17:00:00";"back squat";"85";"5";"1";"none none     "
"2015-03-16 17:00:00";"back squat";"110";"5";"1";"none none     "
"2015-03-16 17:00:00";"back squat";"85";"10";"5";"none none     "
"2015-03-16 17:00:00";"back squat";"97.5";"5";"1";"none none     "
"2015-02-06 17:00:00";"deadlift";"125";"5";"1";"none none     "
"2015-02-06 17:00:00";"deadlift";"142.5";"3";"1";"none none     "
"2015-02-06 17:00:00";"deadlift";"157.5";"1";"1";"none none     "
"2015-02-06 17:00:00";"deadlift";"80";"10";"5";"none defficit     "
"2015-02-04 17:00:00";"bench press";"92.5";"5";"1";"none none     "
"2015-02-04 17:00:00";"bench press";"62.5";"10";"5";"none shit     "
"2015-02-04 17:00:00";"bench press";"72.5";"5";"1";"none none     "
"2015-02-04 17:00:00";"bench press";"82.5";"3";"1";"none none     "
"2015-02-02 16:00:00";"back squat";"90";"5";"1";"none none     "
"2015-02-02 16:00:00";"back squat";"102.5";"3";"1";"none none     "
"2015-02-02 16:00:00";"back squat";"115";"5";"1";"none none     "
"2015-02-02 16:00:00";"back squat";"80";"10";"5";"none none     "
"2015-02-01 17:00:00";"front press";"45";"3";"1";"none none     "
"2015-02-01 17:00:00";"front press";"52.5";"3";"1";"none none     "
"2015-02-01 17:00:00";"front press";"57.5";"6";"1";"none none     "
"2015-01-30 17:00:00";"deadlift";"117.5";"3";"1";"none none     "
"2015-01-30 17:00:00";"deadlift";"150";"8";"1";"none none     "
"2015-01-30 17:00:00";"deadlift";"100";"10";"5";"none none     "
"2015-01-30 17:00:00";"deadlift";"132.5";"3";"1";"none none     "
"2015-01-28 17:00:00";"bench press";"67.5";"3";"1";"none none     "
"2015-01-28 17:00:00";"bench press";"77.5";"3";"1";"none none     "
"2015-01-28 17:00:00";"bench press";"87.5";"7";"1";"none none     "
"2015-01-28 17:00:00";"bench press";"90";"5";"1";"none none     "
"2015-01-28 17:00:00";"bench press";"67.5";"10";"5";"none none     "
"2015-01-26 16:00:00";"back squat";"85";"3";"1";"none none     "
"2015-01-26 16:00:00";"back squat";"110";"7";"1";"none none     "
"2015-01-26 16:00:00";"back squat";"97.5";"3";"1";"none none     "
"2015-01-26 16:00:00";"back squat";"85";"10";"5";"none none     "
"2015-01-25 17:00:00";"front press";"47.5";"5";"1";"none none     "
"2015-01-25 17:00:00";"front press";"55";"7";"1";"none none     "
"2015-01-25 17:00:00";"front press";"40";"10";"5";"none none     "
"2015-01-25 17:00:00";"front press";"42.5";"5";"1";"none none     "
"2015-01-23 17:00:00";"deadlift";"107.5";"10";"5";"none none     "
"2015-01-23 17:00:00";"deadlift";"180";"1";"1";"none none     "
"2015-01-23 17:00:00";"deadlift";"125";"5";"1";"none none     "
"2015-01-23 17:00:00";"deadlift";"142.5";"8";"1";"none none     "
"2015-01-23 17:00:00";"deadlift";"150";"1";"1";"none none     "
"2015-01-23 17:00:00";"deadlift";"160";"1";"1";"none none     "
"2015-01-23 17:00:00";"deadlift";"170";"1";"1";"none none     "
"2015-01-23 17:00:00";"deadlift";"107.5";"5";"1";"none none     "
"2015-01-21 17:00:00";"bench press";"95";"2";"1";"none none     "
"2015-01-21 17:00:00";"bench press";"62.5";"5";"1";"none none     "
"2015-01-21 17:00:00";"bench press";"72.5";"5";"1";"none none     "
"2015-01-21 17:00:00";"bench press";"82.5";"7";"1";"none none     "
"2015-01-21 17:00:00";"bench press";"90";"2";"1";"none none     "
"2015-01-21 17:00:00";"bench press";"100";"2";"1";"none none     "
"2015-01-21 17:00:00";"bench press";"62.5";"10";"5";"none none     "
"2015-01-19 17:00:00";"back squat";"110";"1";"1";"none none     "
"2015-01-19 17:00:00";"back squat";"80";"10";"5";"none none     "
"2015-01-19 16:00:00";"back squat";"80";"5";"1";"none none     "
"2015-01-19 16:00:00";"back squat";"90";"5";"1";"none none     "
"2015-01-19 16:00:00";"back squat";"102.5";"7";"1";"none none     "
"2015-01-19 16:00:00";"back squat";"120";"1";"1";"none none     "
"2015-01-19 16:00:00";"back squat";"130";"1";"1";"none none     "
"2015-01-11 17:00:00";"front press";"47.5";"5";"1";"none none     "
"2015-01-11 17:00:00";"front press";"60";"6";"1";"none none     "
"2015-01-11 17:00:00";"front press";"62.5";"2";"1";"none none     "
"2015-01-11 17:00:00";"front press";"65";"1";"1";"none none     "
"2015-01-11 17:00:00";"front press";"67.5";"2";"1";"none none     "
"2015-01-11 17:00:00";"front press";"52.5";"3";"1";"none none     "
"2015-01-09 17:00:00";"deadlift";"115";"3";"1";"none none     "
"2015-01-09 17:00:00";"deadlift";"130";"3";"1";"none none     "
"2015-01-09 17:00:00";"deadlift";"145";"3";"1";"none none     "
"2015-01-09 17:00:00";"deadlift";"170";"1";"1";"none none     "
"2015-01-09 17:00:00";"deadlift";"160";"1";"1";"none none     "
"2015-01-07 17:00:00";"bench press";"75";"3";"1";"none none     "
"2015-01-07 17:00:00";"bench press";"85";"3";"1";"none none     "
"2015-01-07 17:00:00";"bench press";"90";"2";"1";"none none     "
"2015-01-07 17:00:00";"bench press";"95";"1";"1";"none none     "
"2015-01-07 17:00:00";"bench press";"100";"1";"1";"none none     "
"2015-01-07 17:00:00";"bench press";"65";"3";"1";"none none     "
"2015-01-05 17:00:00";"back squat";"130";"1";"1";"none none     "
"2015-01-05 17:00:00";"back squat";"120";"1";"1";"none none     "
"2015-01-05 17:00:00";"back squat";"110";"2";"1";"none none     "
"2015-01-05 17:00:00";"back squat";"105";"3";"1";"none none     "
"2015-01-05 17:00:00";"back squat";"92.5";"3";"1";"none none     "
"2015-01-05 17:00:00";"back squat";"82.5";"3";"1";"none none     "
"2015-01-05 16:00:00";"back squat";"105";"3";"1";"none none     "
"2015-01-04 17:00:00";"front press";"62.5";"3";"1";"none none     "
"2015-01-04 17:00:00";"front press";"60";"3";"1";"none none     "
"2015-01-04 17:00:00";"front press";"57.5";"1";"1";"none none     "
"2015-01-04 17:00:00";"front press";"50";"3";"1";"none none     "
"2015-01-04 17:00:00";"front press";"45";"3";"1";"none none     "
"2015-01-04 17:00:00";"front press";"65";"2";"1";"none none     "
"2015-01-04 17:00:00";"pull up";"0";"8";"1";"none none     "
"2015-01-04 17:00:00";"pull up";"0";"10";"1";"none none     "
"2015-01-04 17:00:00";"pull up";"0";"6";"1";"none none     "
"2015-01-04 17:00:00";"pull up";"0";"4";"1";"none none     "
"2015-01-04 16:00:00";"dip";"0";"10";"1";"none none     "
"2015-01-04 16:00:00";"dip";"0";"8";"1";"none none     "
"2015-01-04 16:00:00";"dip";"0";"6";"1";"none none     "
"2015-01-04 16:00:00";"pull up";"0";"10";"1";"none none     "
"2015-01-04 16:00:00";"pull up";"0";"6";"1";"none none     "
"2015-01-04 16:00:00";"pull up";"0";"4";"1";"none none     "
"2015-01-04 16:00:00";"pull up";"0";"8";"1";"none none     "
"2015-01-01 17:00:00";"deadlift";"112.5";"3";"1";"none none     "
"2015-01-01 17:00:00";"deadlift";"130";"3";"1";"none none     "
"2015-01-01 17:00:00";"deadlift";"165";"1";"1";"none none     "
"2015-01-01 17:00:00";"deadlift";"145";"9";"1";"none none     "
"2014-12-28 17:00:00";"front press";"40";"5";"1";"none none     "
"2014-12-28 17:00:00";"front press";"47.5";"5";"1";"none none     "
"2014-12-28 17:00:00";"front press";"52.5";"5";"1";"none none     "
"2014-12-26 17:00:00";"deadlift";"122.5";"5";"1";"none none     "
"2014-12-26 17:00:00";"deadlift";"142.5";"17";"1";"none none     "
"2014-12-26 17:00:00";"deadlift";"180";"1";"1";"none none     "
"2014-12-26 17:00:00";"deadlift";"105";"5";"1";"none none     "
"2014-12-24 17:00:00";"bench press";"62.5";"5";"1";"none none     "
"2014-12-24 17:00:00";"bench press";"70";"5";"1";"none none     "
"2014-12-24 17:00:00";"bench press";"80";"16";"1";"none none     "
"2014-12-22 16:00:00";"back squat";"105";"2";"1";"none none     "
"2014-12-22 16:00:00";"back squat";"75";"5";"1";"none none     "
"2014-12-22 16:00:00";"back squat";"87.5";"5";"1";"none none     "
"2014-12-22 16:00:00";"back squat";"110";"2";"1";"none none     "
"2014-12-22 16:00:00";"back squat";"100";"10";"1";"none none     "
"2014-12-21 17:00:00";"front press";"45";"5";"1";"none none     "
"2014-12-21 17:00:00";"front press";"52.5";"3";"1";"none none     "
"2014-12-21 17:00:00";"front press";"57.5";"5";"1";"none none     "
"2014-12-19 17:00:00";"deadlift";"160";"1";"1";"none none     "
"2014-12-19 17:00:00";"deadlift";"100";"10";"5";"none none     "
"2014-12-19 17:00:00";"deadlift";"115";"5";"1";"none none     "
"2014-12-19 17:00:00";"deadlift";"145";"3";"1";"none none     "
"2014-12-19 17:00:00";"deadlift";"130";"3";"1";"none none     "
"2014-12-17 17:00:00";"bench press";"75";"3";"1";"none none     "
"2014-12-17 17:00:00";"bench press";"80";"2";"1";"none none     "
"2014-12-17 17:00:00";"bench press";"60";"10";"5";"none none     "
"2014-12-17 17:00:00";"bench press";"105";"1";"1";"none none     "
"2014-12-17 17:00:00";"bench press";"100";"1";"1";"none none     "
"2014-12-17 17:00:00";"bench press";"90";"1";"1";"none none     "
"2014-12-17 17:00:00";"bench press";"60";"5";"1";"none none     "
"2014-12-15 16:00:00";"back squat";"70";"10";"5";"none none     "
"2014-12-15 16:00:00";"back squat";"120";"1";"1";"none none     "
"2014-12-15 16:00:00";"back squat";"130";"1";"1";"none none     "
"2014-12-15 16:00:00";"back squat";"107.5";"1";"1";"none none     "
"2014-12-15 16:00:00";"back squat";"95";"3";"1";"none none     "
"2014-12-15 16:00:00";"back squat";"85";"5";"1";"none none     "
"2014-12-14 17:00:00";"front press";"55";"7";"1";"none none     "
"2014-12-14 17:00:00";"front press";"47.5";"3";"1";"none none     "
"2014-12-14 17:00:00";"front press";"42.5";"3";"1";"none none     "
"2014-12-12 17:00:00";"deadlift";"180";"1";"1";"none pr 1rm     "
"2014-12-12 17:00:00";"deadlift";"137.5";"5";"1";"none none     "
"2014-12-12 17:00:00";"deadlift";"107.5";"3";"1";"none none     "
"2014-12-12 17:00:00";"deadlift";"122.5";"3";"1";"none none     "
"2014-12-10 17:00:00";"bench press";"77.5";"14";"1";"none none     "
"2014-12-10 17:00:00";"bench press";"70";"3";"1";"none none     "
"2014-12-10 17:00:00";"bench press";"60";"3";"1";"none none     "
"2014-12-08 17:00:00";"back squat";"60";"10";"5";"none none     "
"2014-12-08 17:00:00";"back squat";"100";"5";"1";"none none     "
"2014-12-08 17:00:00";"back squat";"90";"3";"1";"none none     "
"2014-12-08 17:00:00";"back squat";"80";"3";"1";"none none     "
"2014-12-07 17:00:00";"front press";"40";"5";"1";"none none     "
"2014-12-07 17:00:00";"front press";"52.5";"5";"1";"none none     "
"2014-12-07 17:00:00";"front press";"45";"5";"1";"none none     "
"2014-12-05 17:00:00";"deadlift";"100";"5";"1";"none none     "
"2014-12-05 17:00:00";"deadlift";"115";"5";"1";"none none     "
"2014-12-05 17:00:00";"deadlift";"130";"10";"1";"none none     "
"2014-12-05 17:00:00";"deadlift";"150";"1";"1";"none none     "
"2014-12-03 17:00:00";"bench press";"55";"5";"1";"none none     "
"2014-12-03 17:00:00";"bench press";"65";"5";"1";"none none     "
"2014-12-03 17:00:00";"bench press";"72.5";"12";"1";"none none     "
"2014-12-01 17:00:00";"back squat";"85";"5";"1";"none none     "
"2014-12-01 17:00:00";"back squat";"95";"10";"1";"none none     "
"2014-12-01 17:00:00";"back squat";"72.5";"5";"1";"none none     "
"2014-11-21 17:00:00";"back squat";"77.5";"3";"1";"none none     "
"2014-11-21 17:00:00";"back squat";"87.5";"3";"1";"none none     "
"2014-11-21 17:00:00";"back squat";"97.5";"1";"1";"none none     "
"2014-11-21 16:00:00";"back squat";"77.5";"3";"1";"none none     "
"2014-11-21 16:00:00";"back squat";"87.5";"3";"1";"none none     "
"2014-11-21 16:00:00";"back squat";"97.5";"1";"1";"none none     "
"2014-11-19 17:00:00";"bench press";"62.5";"3";"1";"none none     "
"2014-11-19 17:00:00";"bench press";"70";"3";"1";"none none     "
"2014-11-19 17:00:00";"bench press";"77.5";"1";"1";"none none     "
"2014-11-17 17:00:00";"deadlift";"120";"3";"1";"none none     "
"2014-11-17 17:00:00";"deadlift";"140";"2";"1";"none none     "
"2014-11-17 17:00:00";"deadlift";"170";"1";"1";"none pr 1rm     "
"2014-11-17 17:00:00";"deadlift";"110";"5";"1";"none none     "
"2014-11-16 17:00:00";"front press";"45";"5";"1";"none none     "
"2014-11-16 17:00:00";"front press";"50";"3";"1";"none none     "
"2014-11-16 17:00:00";"front press";"55";"4";"1";"none none     "
"2014-11-14 16:00:00";"back squat";"72.5";"3";"1";"none none     "
"2014-11-14 16:00:00";"back squat";"82.5";"3";"1";"none none     "
"2014-11-14 16:00:00";"back squat";"92.5";"6";"1";"none none     "
"2014-11-14 16:00:00";"back squat";"100";"3";"1";"none none     "
"2014-11-12 17:00:00";"bench press";"57.5";"3";"1";"none none     "
"2014-11-12 17:00:00";"bench press";"75";"8";"1";"none none     "
"2014-11-12 17:00:00";"bench press";"65";"3";"1";"none none     "
"2014-11-10 17:00:00";"deadlift";"130";"6";"1";"none none     "
"2014-11-10 17:00:00";"deadlift";"100";"3";"1";"none none     "
"2014-11-10 17:00:00";"deadlift";"115";"3";"1";"none none     "
"2014-11-09 17:00:00";"front press";"40";"3";"1";"none none     "
"2014-11-09 17:00:00";"front press";"47.5";"3";"1";"none none     "
"2014-11-09 17:00:00";"front press";"52.5";"6";"1";"none none     "
"2014-11-07 17:00:00";"back squat";"67.5";"5";"1";"none none     "
"2014-11-07 17:00:00";"back squat";"87.5";"14";"1";"none none     "
"2014-11-07 17:00:00";"back squat";"77.5";"5";"1";"none none     "
"2014-11-05 17:00:00";"bench press";"70";"7";"1";"none none     "
"2014-11-05 17:00:00";"bench press";"62.5";"5";"1";"none none     "
"2014-11-05 17:00:00";"bench press";"55";"5";"1";"none none     "
"2014-11-03 17:00:00";"deadlift";"92.5";"5";"1";"none none     "
"2014-11-03 17:00:00";"deadlift";"107.5";"3";"1";"none none     "
"2014-11-03 17:00:00";"deadlift";"122.5";"3";"1";"none none     "
"2014-11-01 17:00:00";"front press";"37.5";"5";"1";"none none     "
"2014-11-01 17:00:00";"front press";"45";"5";"1";"none none     "
"2014-11-01 17:00:00";"front press";"50";"7";"1";"none none     "
"2014-11-01 17:00:00";"front press";"35";"10";"5";"none none     "
"2014-10-30 16:00:00";"back squat";"75";"5";"1";"none none     "
"2014-10-30 16:00:00";"back squat";"85";"3";"1";"none none     "
"2014-10-30 16:00:00";"back squat";"95";"5";"1";"none none     "
"2014-10-29 17:00:00";"bench press";"70";"3";"1";"none none     "
"2014-10-29 17:00:00";"bench press";"60";"5";"1";"none none     "
"2014-10-29 17:00:00";"bench press";"77.5";"6";"1";"none none     "
"2014-10-27 17:00:00";"deadlift";"105";"5";"1";"none none     "
"2014-10-27 17:00:00";"deadlift";"117.5";"3";"1";"none none     "
"2014-10-27 17:00:00";"deadlift";"132.5";"3";"1";"none none     "
"2014-10-27 17:00:00";"deadlift";"80";"10";"5";"none none     "
"2014-10-26 17:00:00";"front press";"47.5";"3";"1";"none none     "
"2014-10-26 17:00:00";"front press";"52.5";"5";"1";"none none     "
"2014-10-26 17:00:00";"front press";"32.5";"10";"5";"none none     "
"2014-10-26 17:00:00";"front press";"42.5";"3";"1";"none none     "
"2014-10-24 17:00:00";"back squat";"80";"3";"1";"none none     "
"2014-10-24 16:00:00";"back squat";"70";"3";"1";"none none     "
"2014-10-24 16:00:00";"back squat";"90";"8";"1";"none none     "
"2014-10-24 16:00:00";"back squat";"100";"1";"1";"none none     "
"2014-10-24 16:00:00";"back squat";"60";"10";"5";"none none     "
"2014-10-24 16:00:00";"back squat";"80";"3";"1";"none none     "
"2014-10-22 17:00:00";"bench press";"57.5";"3";"1";"none none     "
"2014-10-22 17:00:00";"bench press";"65";"3";"1";"none none     "
"2014-10-22 17:00:00";"bench press";"72.5";"7";"1";"none none     "
"2014-10-20 17:00:00";"deadlift";"97.5";"3";"1";"none none     "
"2014-10-20 17:00:00";"deadlift";"112.5";"3";"1";"none none     "
"2014-10-20 17:00:00";"deadlift";"125";"5";"1";"none none     "
"2014-10-20 17:00:00";"deadlift";"75";"10";"5";"none none     "
"2014-10-19 17:00:00";"front press";"45";"3";"1";"none none     "
"2014-10-19 17:00:00";"front press";"50";"5";"1";"none none     "
"2014-10-19 17:00:00";"front press";"40";"3";"1";"none wendler531     "
"2014-10-19 17:00:00";"front press";"30";"10";"5";"none none     "
"2014-10-12 17:00:00";"deadlift";"97.55";"3";"1";"none none     "
"2014-10-12 17:00:00";"deadlift";"112.5";"3";"1";"none none     "
"2014-10-12 17:00:00";"deadlift";"125";"3";"1";"none bruessel mit htl     "
"2014-10-11 17:00:00";"front press";"40";"3";"1";"none none     "
"2014-10-11 17:00:00";"front press";"45";"3";"1";"none none     "
"2014-10-11 17:00:00";"front press";"50";"5";"1";"none none     "
"2014-10-10 17:00:00";"back squat";"55";"10";"5";"none none     "
"2014-10-10 17:00:00";"back squat";"90";"6";"1";"none none     "
"2014-10-10 16:00:00";"back squat";"55";"10";"5";"none none     "
"2014-10-10 16:00:00";"back squat";"70";"3";"1";"none none     "
"2014-10-10 16:00:00";"back squat";"80";"3";"1";"none none     "
"2014-10-10 16:00:00";"back squat";"90";"6";"1";"none none     "
"2014-10-08 17:00:00";"bench press";"72.5";"6";"1";"none none     "
"2014-10-08 17:00:00";"bench press";"65";"3";"1";"none none     "
"2014-10-08 17:00:00";"bench press";"57.5";"3";"1";"none none     "
"2014-10-08 17:00:00";"bench press";"45";"10";"5";"none none     "
"2014-10-06 17:00:00";"deadlift";"105";"5";"1";"none none     "
"2014-10-06 17:00:00";"deadlift";"117.5";"7";"1";"none none     "
"2014-10-06 17:00:00";"deadlift";"70";"10";"5";"none none     "
"2014-10-06 17:00:00";"deadlift";"90";"5";"1";"none none     "
"2014-10-05 17:00:00";"front press";"47.5";"6";"1";"none none     "
"2014-10-05 17:00:00";"front press";"42.5";"5";"1";"none none     "
"2014-10-05 17:00:00";"front press";"37.5";"5";"1";"none none     "
"2014-10-05 17:00:00";"front press";"30";"10";"5";"none none     "
"2014-10-03 17:00:00";"back squat";"52.5";"10";"5";"none none     "
"2014-10-03 17:00:00";"back squat";"85";"10";"1";"none none     "
"2014-10-03 17:00:00";"back squat";"75";"5";"1";"none none     "
"2014-10-03 17:00:00";"back squat";"65";"5";"1";"none none     "
"2014-10-01 17:00:00";"bench press";"42.5";"10";"5";"none none     "
"2014-10-01 17:00:00";"bench press";"70";"10";"1";"none none     "
"2014-10-01 17:00:00";"bench press";"60";"5";"1";"none none     "
"2014-10-01 17:00:00";"bench press";"52.5";"5";"1";"none none     "
"2014-09-29 17:00:00";"deadlift";"115";"3";"1";"none none     "
"2014-09-29 17:00:00";"deadlift";"127.5";"3";"1";"none none     "
"2014-09-29 17:00:00";"deadlift";"70";"10";"5";"none none     "
"2014-09-29 17:00:00";"deadlift";"102.5";"5";"1";"none none     "
"2014-09-28 17:00:00";"front press";"40";"5";"1";"none none     "
"2014-09-28 17:00:00";"front press";"45";"3";"1";"none none     "
"2014-09-28 17:00:00";"front press";"52.5";"4";"1";"none none     "
"2014-09-28 17:00:00";"front press";"30";"10";"5";"none none     "
"2014-09-26 17:00:00";"back squat";"70";"5";"1";"none none     "
"2014-09-26 17:00:00";"back squat";"80";"3";"1";"none none     "
"2014-09-26 17:00:00";"back squat";"50";"10";"5";"none none     "
"2014-09-26 17:00:00";"back squat";"90";"3";"1";"none none     "
"2014-09-26 16:00:00";"back squat";"50";"10";"5";"none none     "
"2014-09-26 16:00:00";"back squat";"70";"5";"1";"none none     "
"2014-09-26 16:00:00";"back squat";"80";"3";"1";"none none     "
"2014-09-26 16:00:00";"back squat";"90";"3";"1";"none none     "
"2014-09-24 17:00:00";"bench press";"57.5";"5";"1";"none none     "
"2014-09-24 17:00:00";"bench press";"67.5";"3";"1";"none none     "
"2014-09-24 17:00:00";"bench press";"75";"6";"1";"none none     "
"2014-09-22 17:00:00";"deadlift";"95";"3";"1";"none none     "
"2014-09-22 17:00:00";"deadlift";"122.5";"3";"1";"none none     "
"2014-09-22 17:00:00";"deadlift";"60";"10";"5";"none none     "
"2014-09-22 17:00:00";"deadlift";"107.5";"3";"1";"none none     "
"2014-09-20 17:00:00";"front press";"37.5";"3";"1";"none wendler531     "
"2014-09-20 17:00:00";"front press";"42.5";"3";"1";"none wendler531     "
"2014-09-20 17:00:00";"front press";"47.5";"7";"1";"none wendler531     "
"2014-09-20 17:00:00";"front press";"25";"10";"5";"none none     "
"2014-08-12 16:00:00";"back squat";"80";"3";"1";"none none     "
"2014-08-12 16:00:00";"back squat";"90";"3";"1";"none none     "
"2014-08-12 16:00:00";"back squat";"100";"5";"1";"none none     "
"2014-08-12 16:00:00";"back squat";"60";"10";"5";"none none     "
"2014-07-11 16:00:00";"back squat";"67.5";"5";"1";"none none     "
"2014-07-11 16:00:00";"back squat";"87.5";"14";"1";"none none     "
"2014-07-11 16:00:00";"back squat";"77.5";"5";"1";"none none     "
"2014-04-01 17:00:00";"bench press";"77.5";"3";"1";"none none     "
"2014-04-01 17:00:00";"bench press";"87.5";"3";"1";"none none     "
"2014-04-01 17:00:00";"bench press";"97.5";"3";"1";"none none     "
"2014-04-01 17:00:00";"bench press";"100";"3";"1";"none none     "
"2014-03-10 16:00:00";"back squat";"65";"5";"1";"none none     "
"2014-03-10 16:00:00";"back squat";"75";"5";"1";"none none     "
"2014-03-10 16:00:00";"back squat";"85";"10";"1";"none none     "
"2014-03-10 16:00:00";"back squat";"52.5";"10";"5";"none none     "
"2014-01-12 16:00:00";"back squat";"72.5";"5";"1";"none none     "
"2014-01-12 16:00:00";"back squat";"95";"10";"1";"none none     "
"2014-01-12 16:00:00";"back squat";"85";"5";"1";"none none     "

2023-08-15 09:03:13;Deadlift;100;5;5;It’s not that hard, I hope that this leads to Erhaltung of the weight
2023-08-17 09:17:26;Bench press;20;10;2;Warm up
2023-08-17 09:17:56;Bench press;40;10;1;Warm up
2023-08-17 09:18:21;Bench press;70;7;1;
2023-08-17 09:18:43;Bench press;70;7;1;
2023-08-17 09:19:57;Bench press;70;4;2;Got heavy
2023-08-17 09:20:20;Bench press;70;4;1;Got heavy
2023-08-17 09:20:46;Bench press;40;22;1;All out set 
2023-08-17 09:34:45;Back row;40;10;1;
2023-08-17 09:35:10;Back row;60;10;3;
2023-08-17 09:35:29;Back row;60;5;1;
2023-08-17 09:37:45;Back row;40;20;1;All out yet
2023-08-18 11:54:13;Back squat;100;4;4;It’s not that easy but it is manageable 
2023-08-18 12:29:09;Bridges;60;10;3;It’s not that hard, but it’s a good exercise
2023-08-18 12:30:29;Ab raise;76,1;10;3;It’s not that easy
2023-08-19 10:10:14;Clean pull;100;3;18;Was Not that hard, but still taxing